Filename,Vocal_channel,Emotion,Intensity,Statement,Repetition,Actor,Gender,Output
03-01-05-02-01-01-04.wav,1,5,2,1,1,4,1,"[np.int64(1), np.int64(5)]"
03-01-02-01-01-02-04.wav,1,2,1,1,2,4,1,"[np.int64(1), np.int64(2)]"
03-01-08-01-01-01-04.wav,1,8,1,1,1,4,1,"[np.int64(1), np.int64(8)]"
03-01-03-02-02-02-04.wav,1,3,2,2,2,4,1,"[np.int64(1), np.int64(3)]"
03-01-01-01-02-02-04.wav,1,1,1,2,2,4,1,"[np.int64(1), np.int64(1)]"
03-01-07-02-01-01-04.wav,1,7,2,1,1,4,1,"[np.int64(1), np.int64(7)]"
03-01-07-01-01-01-04.wav,1,7,1,1,1,4,1,"[np.int64(1), np.int64(7)]"
03-01-04-02-01-02-04.wav,1,4,2,1,2,4,1,"[np.int64(1), np.int64(4)]"
03-01-03-02-01-01-04.wav,1,3,2,1,1,4,1,"[np.int64(1), np.int64(3)]"
03-01-04-02-01-01-04.wav,1,4,2,1,1,4,1,"[np.int64(1), np.int64(4)]"
03-01-06-01-01-01-04.wav,1,6,1,1,1,4,1,"[np.int64(1), np.int64(6)]"
03-01-05-02-02-01-04.wav,1,5,2,2,1,4,1,"[np.int64(1), np.int64(5)]"
03-01-06-01-01-02-04.wav,1,6,1,1,2,4,1,"[np.int64(1), np.int64(6)]"
03-01-06-02-02-02-04.wav,1,6,2,2,2,4,1,"[np.int64(1), np.int64(6)]"
03-01-05-01-01-01-04.wav,1,5,1,1,1,4,1,"[np.int64(1), np.int64(5)]"
03-01-02-01-02-02-04.wav,1,2,1,2,2,4,1,"[np.int64(1), np.int64(2)]"
03-01-02-02-01-02-04.wav,1,2,2,1,2,4,1,"[np.int64(1), np.int64(2)]"
03-01-04-01-02-02-04.wav,1,4,1,2,2,4,1,"[np.int64(1), np.int64(4)]"
03-01-06-02-01-02-04.wav,1,6,2,1,2,4,1,"[np.int64(1), np.int64(6)]"
03-01-07-02-01-02-04.wav,1,7,2,1,2,4,1,"[np.int64(1), np.int64(7)]"
03-01-05-01-02-02-04.wav,1,5,1,2,2,4,1,"[np.int64(1), np.int64(5)]"
03-01-07-01-01-02-04.wav,1,7,1,1,2,4,1,"[np.int64(1), np.int64(7)]"
03-01-03-01-01-01-04.wav,1,3,1,1,1,4,1,"[np.int64(1), np.int64(3)]"
03-01-05-02-02-02-04.wav,1,5,2,2,2,4,1,"[np.int64(1), np.int64(5)]"
03-01-03-01-01-02-04.wav,1,3,1,1,2,4,1,"[np.int64(1), np.int64(3)]"
03-01-08-01-02-01-04.wav,1,8,1,2,1,4,1,"[np.int64(1), np.int64(8)]"
03-01-05-01-02-01-04.wav,1,5,1,2,1,4,1,"[np.int64(1), np.int64(5)]"
03-01-08-02-01-02-04.wav,1,8,2,1,2,4,1,"[np.int64(1), np.int64(8)]"
03-01-06-01-02-02-04.wav,1,6,1,2,2,4,1,"[np.int64(1), np.int64(6)]"
03-01-02-02-01-01-04.wav,1,2,2,1,1,4,1,"[np.int64(1), np.int64(2)]"
03-01-07-01-02-01-04.wav,1,7,1,2,1,4,1,"[np.int64(1), np.int64(7)]"
03-01-03-02-02-01-04.wav,1,3,2,2,1,4,1,"[np.int64(1), np.int64(3)]"
03-01-07-02-02-02-04.wav,1,7,2,2,2,4,1,"[np.int64(1), np.int64(7)]"
03-01-02-01-02-01-04.wav,1,2,1,2,1,4,1,"[np.int64(1), np.int64(2)]"
03-01-08-01-02-02-04.wav,1,8,1,2,2,4,1,"[np.int64(1), np.int64(8)]"
03-01-08-02-01-01-04.wav,1,8,2,1,1,4,1,"[np.int64(1), np.int64(8)]"
03-01-06-02-02-01-04.wav,1,6,2,2,1,4,1,"[np.int64(1), np.int64(6)]"
03-01-08-02-02-01-04.wav,1,8,2,2,1,4,1,"[np.int64(1), np.int64(8)]"
03-01-06-01-02-01-04.wav,1,6,1,2,1,4,1,"[np.int64(1), np.int64(6)]"
03-01-02-01-01-01-04.wav,1,2,1,1,1,4,1,"[np.int64(1), np.int64(2)]"
03-01-04-01-02-01-04.wav,1,4,1,2,1,4,1,"[np.int64(1), np.int64(4)]"
03-01-07-02-02-01-04.wav,1,7,2,2,1,4,1,"[np.int64(1), np.int64(7)]"
03-01-01-01-01-01-04.wav,1,1,1,1,1,4,1,"[np.int64(1), np.int64(1)]"
03-01-04-02-02-02-04.wav,1,4,2,2,2,4,1,"[np.int64(1), np.int64(4)]"
03-01-01-01-01-02-04.wav,1,1,1,1,2,4,1,"[np.int64(1), np.int64(1)]"
03-01-07-01-02-02-04.wav,1,7,1,2,2,4,1,"[np.int64(1), np.int64(7)]"
03-01-04-01-01-01-04.wav,1,4,1,1,1,4,1,"[np.int64(1), np.int64(4)]"
03-01-01-01-02-01-04.wav,1,1,1,2,1,4,1,"[np.int64(1), np.int64(1)]"
03-01-06-02-01-01-04.wav,1,6,2,1,1,4,1,"[np.int64(1), np.int64(6)]"
03-01-08-01-01-02-04.wav,1,8,1,1,2,4,1,"[np.int64(1), np.int64(8)]"
03-01-04-02-02-01-04.wav,1,4,2,2,1,4,1,"[np.int64(1), np.int64(4)]"
03-01-03-01-02-01-04.wav,1,3,1,2,1,4,1,"[np.int64(1), np.int64(3)]"
03-01-05-02-01-02-04.wav,1,5,2,1,2,4,1,"[np.int64(1), np.int64(5)]"
03-01-03-01-02-02-04.wav,1,3,1,2,2,4,1,"[np.int64(1), np.int64(3)]"
03-01-05-01-01-02-04.wav,1,5,1,1,2,4,1,"[np.int64(1), np.int64(5)]"
03-01-02-02-02-01-04.wav,1,2,2,2,1,4,1,"[np.int64(1), np.int64(2)]"
03-01-02-02-02-02-04.wav,1,2,2,2,2,4,1,"[np.int64(1), np.int64(2)]"
03-01-04-01-01-02-04.wav,1,4,1,1,2,4,1,"[np.int64(1), np.int64(4)]"
03-01-03-02-01-02-04.wav,1,3,2,1,2,4,1,"[np.int64(1), np.int64(3)]"
03-01-08-02-02-02-04.wav,1,8,2,2,2,4,1,"[np.int64(1), np.int64(8)]"
03-01-02-01-02-01-16.wav,1,2,1,2,1,16,1,"[np.int64(1), np.int64(2)]"
03-01-03-02-01-01-16.wav,1,3,2,1,1,16,1,"[np.int64(1), np.int64(3)]"
03-01-06-01-01-02-16.wav,1,6,1,1,2,16,1,"[np.int64(1), np.int64(6)]"
03-01-03-01-02-02-16.wav,1,3,1,2,2,16,1,"[np.int64(1), np.int64(3)]"
03-01-05-01-02-02-16.wav,1,5,1,2,2,16,1,"[np.int64(1), np.int64(5)]"
03-01-02-02-01-01-16.wav,1,2,2,1,1,16,1,"[np.int64(1), np.int64(2)]"
03-01-05-01-01-01-16.wav,1,5,1,1,1,16,1,"[np.int64(1), np.int64(5)]"
03-01-04-02-01-02-16.wav,1,4,2,1,2,16,1,"[np.int64(1), np.int64(4)]"
03-01-03-02-02-01-16.wav,1,3,2,2,1,16,1,"[np.int64(1), np.int64(3)]"
03-01-03-02-01-02-16.wav,1,3,2,1,2,16,1,"[np.int64(1), np.int64(3)]"
03-01-03-02-02-02-16.wav,1,3,2,2,2,16,1,"[np.int64(1), np.int64(3)]"
03-01-04-01-02-02-16.wav,1,4,1,2,2,16,1,"[np.int64(1), np.int64(4)]"
03-01-06-02-02-02-16.wav,1,6,2,2,2,16,1,"[np.int64(1), np.int64(6)]"
03-01-07-02-01-02-16.wav,1,7,2,1,2,16,1,"[np.int64(1), np.int64(7)]"
03-01-05-02-02-01-16.wav,1,5,2,2,1,16,1,"[np.int64(1), np.int64(5)]"
03-01-08-02-02-02-16.wav,1,8,2,2,2,16,1,"[np.int64(1), np.int64(8)]"
03-01-01-01-02-01-16.wav,1,1,1,2,1,16,1,"[np.int64(1), np.int64(1)]"
03-01-08-01-01-01-16.wav,1,8,1,1,1,16,1,"[np.int64(1), np.int64(8)]"
03-01-03-01-01-01-16.wav,1,3,1,1,1,16,1,"[np.int64(1), np.int64(3)]"
03-01-06-01-02-02-16.wav,1,6,1,2,2,16,1,"[np.int64(1), np.int64(6)]"
03-01-08-01-02-02-16.wav,1,8,1,2,2,16,1,"[np.int64(1), np.int64(8)]"
03-01-03-01-02-01-16.wav,1,3,1,2,1,16,1,"[np.int64(1), np.int64(3)]"
03-01-06-02-01-02-16.wav,1,6,2,1,2,16,1,"[np.int64(1), np.int64(6)]"
03-01-07-01-01-01-16.wav,1,7,1,1,1,16,1,"[np.int64(1), np.int64(7)]"
03-01-06-01-01-01-16.wav,1,6,1,1,1,16,1,"[np.int64(1), np.int64(6)]"
03-01-05-02-01-02-16.wav,1,5,2,1,2,16,1,"[np.int64(1), np.int64(5)]"
03-01-07-02-02-02-16.wav,1,7,2,2,2,16,1,"[np.int64(1), np.int64(7)]"
03-01-04-02-02-01-16.wav,1,4,2,2,1,16,1,"[np.int64(1), np.int64(4)]"
03-01-08-02-01-01-16.wav,1,8,2,1,1,16,1,"[np.int64(1), np.int64(8)]"
03-01-04-01-02-01-16.wav,1,4,1,2,1,16,1,"[np.int64(1), np.int64(4)]"
03-01-08-01-01-02-16.wav,1,8,1,1,2,16,1,"[np.int64(1), np.int64(8)]"
03-01-02-01-01-01-16.wav,1,2,1,1,1,16,1,"[np.int64(1), np.int64(2)]"
03-01-02-02-01-02-16.wav,1,2,2,1,2,16,1,"[np.int64(1), np.int64(2)]"
03-01-06-02-02-01-16.wav,1,6,2,2,1,16,1,"[np.int64(1), np.int64(6)]"
03-01-05-02-01-01-16.wav,1,5,2,1,1,16,1,"[np.int64(1), np.int64(5)]"
03-01-02-01-01-02-16.wav,1,2,1,1,2,16,1,"[np.int64(1), np.int64(2)]"
03-01-08-01-02-01-16.wav,1,8,1,2,1,16,1,"[np.int64(1), np.int64(8)]"
03-01-07-02-02-01-16.wav,1,7,2,2,1,16,1,"[np.int64(1), np.int64(7)]"
03-01-08-02-01-02-16.wav,1,8,2,1,2,16,1,"[np.int64(1), np.int64(8)]"
03-01-03-01-01-02-16.wav,1,3,1,1,2,16,1,"[np.int64(1), np.int64(3)]"
03-01-04-01-01-02-16.wav,1,4,1,1,2,16,1,"[np.int64(1), np.int64(4)]"
03-01-07-02-01-01-16.wav,1,7,2,1,1,16,1,"[np.int64(1), np.int64(7)]"
03-01-01-01-02-02-16.wav,1,1,1,2,2,16,1,"[np.int64(1), np.int64(1)]"
03-01-05-01-02-01-16.wav,1,5,1,2,1,16,1,"[np.int64(1), np.int64(5)]"
03-01-04-02-02-02-16.wav,1,4,2,2,2,16,1,"[np.int64(1), np.int64(4)]"
03-01-04-02-01-01-16.wav,1,4,2,1,1,16,1,"[np.int64(1), np.int64(4)]"
03-01-07-01-02-02-16.wav,1,7,1,2,2,16,1,"[np.int64(1), np.int64(7)]"
03-01-04-01-01-01-16.wav,1,4,1,1,1,16,1,"[np.int64(1), np.int64(4)]"
03-01-01-01-01-02-16.wav,1,1,1,1,2,16,1,"[np.int64(1), np.int64(1)]"
03-01-07-01-02-01-16.wav,1,7,1,2,1,16,1,"[np.int64(1), np.int64(7)]"
03-01-02-02-02-01-16.wav,1,2,2,2,1,16,1,"[np.int64(1), np.int64(2)]"
03-01-01-01-01-01-16.wav,1,1,1,1,1,16,1,"[np.int64(1), np.int64(1)]"
03-01-02-02-02-02-16.wav,1,2,2,2,2,16,1,"[np.int64(1), np.int64(2)]"
03-01-02-01-02-02-16.wav,1,2,1,2,2,16,1,"[np.int64(1), np.int64(2)]"
03-01-06-02-01-01-16.wav,1,6,2,1,1,16,1,"[np.int64(1), np.int64(6)]"
03-01-05-02-02-02-16.wav,1,5,2,2,2,16,1,"[np.int64(1), np.int64(5)]"
03-01-05-01-01-02-16.wav,1,5,1,1,2,16,1,"[np.int64(1), np.int64(5)]"
03-01-08-02-02-01-16.wav,1,8,2,2,1,16,1,"[np.int64(1), np.int64(8)]"
03-01-06-01-02-01-16.wav,1,6,1,2,1,16,1,"[np.int64(1), np.int64(6)]"
03-01-07-01-01-02-16.wav,1,7,1,1,2,16,1,"[np.int64(1), np.int64(7)]"
03-01-04-02-02-02-06.wav,1,4,2,2,2,6,1,"[np.int64(1), np.int64(4)]"
03-01-07-02-02-01-06.wav,1,7,2,2,1,6,1,"[np.int64(1), np.int64(7)]"
03-01-08-01-02-01-06.wav,1,8,1,2,1,6,1,"[np.int64(1), np.int64(8)]"
03-01-07-01-02-01-06.wav,1,7,1,2,1,6,1,"[np.int64(1), np.int64(7)]"
03-01-05-02-01-02-06.wav,1,5,2,1,2,6,1,"[np.int64(1), np.int64(5)]"
03-01-04-02-02-01-06.wav,1,4,2,2,1,6,1,"[np.int64(1), np.int64(4)]"
03-01-03-02-02-02-06.wav,1,3,2,2,2,6,1,"[np.int64(1), np.int64(3)]"
03-01-02-01-02-02-06.wav,1,2,1,2,2,6,1,"[np.int64(1), np.int64(2)]"
03-01-05-01-02-01-06.wav,1,5,1,2,1,6,1,"[np.int64(1), np.int64(5)]"
03-01-03-01-02-01-06.wav,1,3,1,2,1,6,1,"[np.int64(1), np.int64(3)]"
03-01-08-02-02-02-06.wav,1,8,2,2,2,6,1,"[np.int64(1), np.int64(8)]"
03-01-04-01-01-01-06.wav,1,4,1,1,1,6,1,"[np.int64(1), np.int64(4)]"
03-01-08-02-02-01-06.wav,1,8,2,2,1,6,1,"[np.int64(1), np.int64(8)]"
03-01-07-01-01-02-06.wav,1,7,1,1,2,6,1,"[np.int64(1), np.int64(7)]"
03-01-06-01-02-01-06.wav,1,6,1,2,1,6,1,"[np.int64(1), np.int64(6)]"
03-01-02-01-01-01-06.wav,1,2,1,1,1,6,1,"[np.int64(1), np.int64(2)]"
03-01-06-01-01-02-06.wav,1,6,1,1,2,6,1,"[np.int64(1), np.int64(6)]"
03-01-02-02-01-02-06.wav,1,2,2,1,2,6,1,"[np.int64(1), np.int64(2)]"
03-01-04-01-01-02-06.wav,1,4,1,1,2,6,1,"[np.int64(1), np.int64(4)]"
03-01-03-01-02-02-06.wav,1,3,1,2,2,6,1,"[np.int64(1), np.int64(3)]"
03-01-03-02-01-02-06.wav,1,3,2,1,2,6,1,"[np.int64(1), np.int64(3)]"
03-01-06-02-02-02-06.wav,1,6,2,2,2,6,1,"[np.int64(1), np.int64(6)]"
03-01-05-02-01-01-06.wav,1,5,2,1,1,6,1,"[np.int64(1), np.int64(5)]"
03-01-01-01-01-02-06.wav,1,1,1,1,2,6,1,"[np.int64(1), np.int64(1)]"
03-01-01-01-01-01-06.wav,1,1,1,1,1,6,1,"[np.int64(1), np.int64(1)]"
03-01-06-01-02-02-06.wav,1,6,1,2,2,6,1,"[np.int64(1), np.int64(6)]"
03-01-06-02-01-01-06.wav,1,6,2,1,1,6,1,"[np.int64(1), np.int64(6)]"
03-01-04-01-02-02-06.wav,1,4,1,2,2,6,1,"[np.int64(1), np.int64(4)]"
03-01-06-02-01-02-06.wav,1,6,2,1,2,6,1,"[np.int64(1), np.int64(6)]"
03-01-08-02-01-01-06.wav,1,8,2,1,1,6,1,"[np.int64(1), np.int64(8)]"
03-01-03-01-01-02-06.wav,1,3,1,1,2,6,1,"[np.int64(1), np.int64(3)]"
03-01-05-01-02-02-06.wav,1,5,1,2,2,6,1,"[np.int64(1), np.int64(5)]"
03-01-05-02-02-01-06.wav,1,5,2,2,1,6,1,"[np.int64(1), np.int64(5)]"
03-01-03-02-01-01-06.wav,1,3,2,1,1,6,1,"[np.int64(1), np.int64(3)]"
03-01-08-01-02-02-06.wav,1,8,1,2,2,6,1,"[np.int64(1), np.int64(8)]"
03-01-08-01-01-01-06.wav,1,8,1,1,1,6,1,"[np.int64(1), np.int64(8)]"
03-01-05-02-02-02-06.wav,1,5,2,2,2,6,1,"[np.int64(1), np.int64(5)]"
03-01-08-02-01-02-06.wav,1,8,2,1,2,6,1,"[np.int64(1), np.int64(8)]"
03-01-07-01-02-02-06.wav,1,7,1,2,2,6,1,"[np.int64(1), np.int64(7)]"
03-01-07-01-01-01-06.wav,1,7,1,1,1,6,1,"[np.int64(1), np.int64(7)]"
03-01-02-01-01-02-06.wav,1,2,1,1,2,6,1,"[np.int64(1), np.int64(2)]"
03-01-01-01-02-02-06.wav,1,1,1,2,2,6,1,"[np.int64(1), np.int64(1)]"
03-01-08-01-01-02-06.wav,1,8,1,1,2,6,1,"[np.int64(1), np.int64(8)]"
03-01-07-02-01-02-06.wav,1,7,2,1,2,6,1,"[np.int64(1), np.int64(7)]"
03-01-06-01-01-01-06.wav,1,6,1,1,1,6,1,"[np.int64(1), np.int64(6)]"
03-01-05-01-01-02-06.wav,1,5,1,1,2,6,1,"[np.int64(1), np.int64(5)]"
03-01-02-02-01-01-06.wav,1,2,2,1,1,6,1,"[np.int64(1), np.int64(2)]"
03-01-06-02-02-01-06.wav,1,6,2,2,1,6,1,"[np.int64(1), np.int64(6)]"
03-01-07-02-01-01-06.wav,1,7,2,1,1,6,1,"[np.int64(1), np.int64(7)]"
03-01-05-01-01-01-06.wav,1,5,1,1,1,6,1,"[np.int64(1), np.int64(5)]"
03-01-04-01-02-01-06.wav,1,4,1,2,1,6,1,"[np.int64(1), np.int64(4)]"
03-01-03-01-01-01-06.wav,1,3,1,1,1,6,1,"[np.int64(1), np.int64(3)]"
03-01-03-02-02-01-06.wav,1,3,2,2,1,6,1,"[np.int64(1), np.int64(3)]"
03-01-07-02-02-02-06.wav,1,7,2,2,2,6,1,"[np.int64(1), np.int64(7)]"
03-01-01-01-02-01-06.wav,1,1,1,2,1,6,1,"[np.int64(1), np.int64(1)]"
03-01-04-02-01-02-06.wav,1,4,2,1,2,6,1,"[np.int64(1), np.int64(4)]"
03-01-02-02-02-02-06.wav,1,2,2,2,2,6,1,"[np.int64(1), np.int64(2)]"
03-01-02-02-02-01-06.wav,1,2,2,2,1,6,1,"[np.int64(1), np.int64(2)]"
03-01-04-02-01-01-06.wav,1,4,2,1,1,6,1,"[np.int64(1), np.int64(4)]"
03-01-02-01-02-01-06.wav,1,2,1,2,1,6,1,"[np.int64(1), np.int64(2)]"
03-01-08-01-02-02-22.wav,1,8,1,2,2,22,1,"[np.int64(1), np.int64(8)]"
03-01-03-01-01-01-22.wav,1,3,1,1,1,22,1,"[np.int64(1), np.int64(3)]"
03-01-03-02-01-01-22.wav,1,3,2,1,1,22,1,"[np.int64(1), np.int64(3)]"
03-01-06-01-01-02-22.wav,1,6,1,1,2,22,1,"[np.int64(1), np.int64(6)]"
03-01-08-02-01-02-22.wav,1,8,2,1,2,22,1,"[np.int64(1), np.int64(8)]"
03-01-04-01-01-02-22.wav,1,4,1,1,2,22,1,"[np.int64(1), np.int64(4)]"
03-01-08-01-02-01-22.wav,1,8,1,2,1,22,1,"[np.int64(1), np.int64(8)]"
03-01-04-01-01-01-22.wav,1,4,1,1,1,22,1,"[np.int64(1), np.int64(4)]"
03-01-07-02-01-01-22.wav,1,7,2,1,1,22,1,"[np.int64(1), np.int64(7)]"
03-01-05-01-01-01-22.wav,1,5,1,1,1,22,1,"[np.int64(1), np.int64(5)]"
03-01-05-02-02-02-22.wav,1,5,2,2,2,22,1,"[np.int64(1), np.int64(5)]"
03-01-01-01-02-02-22.wav,1,1,1,2,2,22,1,"[np.int64(1), np.int64(1)]"
03-01-03-02-02-01-22.wav,1,3,2,2,1,22,1,"[np.int64(1), np.int64(3)]"
03-01-08-01-01-01-22.wav,1,8,1,1,1,22,1,"[np.int64(1), np.int64(8)]"
03-01-06-02-01-02-22.wav,1,6,2,1,2,22,1,"[np.int64(1), np.int64(6)]"
03-01-08-01-01-02-22.wav,1,8,1,1,2,22,1,"[np.int64(1), np.int64(8)]"
03-01-01-01-01-02-22.wav,1,1,1,1,2,22,1,"[np.int64(1), np.int64(1)]"
03-01-03-01-02-02-22.wav,1,3,1,2,2,22,1,"[np.int64(1), np.int64(3)]"
03-01-04-02-01-01-22.wav,1,4,2,1,1,22,1,"[np.int64(1), np.int64(4)]"
03-01-07-01-02-01-22.wav,1,7,1,2,1,22,1,"[np.int64(1), np.int64(7)]"
03-01-02-02-02-02-22.wav,1,2,2,2,2,22,1,"[np.int64(1), np.int64(2)]"
03-01-03-01-02-01-22.wav,1,3,1,2,1,22,1,"[np.int64(1), np.int64(3)]"
03-01-01-01-02-01-22.wav,1,1,1,2,1,22,1,"[np.int64(1), np.int64(1)]"
03-01-01-01-01-01-22.wav,1,1,1,1,1,22,1,"[np.int64(1), np.int64(1)]"
03-01-06-01-02-02-22.wav,1,6,1,2,2,22,1,"[np.int64(1), np.int64(6)]"
03-01-06-01-02-01-22.wav,1,6,1,2,1,22,1,"[np.int64(1), np.int64(6)]"
03-01-04-01-02-02-22.wav,1,4,1,2,2,22,1,"[np.int64(1), np.int64(4)]"
03-01-07-02-01-02-22.wav,1,7,2,1,2,22,1,"[np.int64(1), np.int64(7)]"
03-01-07-02-02-02-22.wav,1,7,2,2,2,22,1,"[np.int64(1), np.int64(7)]"
03-01-08-02-02-01-22.wav,1,8,2,2,1,22,1,"[np.int64(1), np.int64(8)]"
03-01-02-01-02-02-22.wav,1,2,1,2,2,22,1,"[np.int64(1), np.int64(2)]"
03-01-05-02-01-01-22.wav,1,5,2,1,1,22,1,"[np.int64(1), np.int64(5)]"
03-01-05-01-02-01-22.wav,1,5,1,2,1,22,1,"[np.int64(1), np.int64(5)]"
03-01-05-01-01-02-22.wav,1,5,1,1,2,22,1,"[np.int64(1), np.int64(5)]"
03-01-03-02-01-02-22.wav,1,3,2,1,2,22,1,"[np.int64(1), np.int64(3)]"
03-01-02-02-01-02-22.wav,1,2,2,1,2,22,1,"[np.int64(1), np.int64(2)]"
03-01-06-02-02-02-22.wav,1,6,2,2,2,22,1,"[np.int64(1), np.int64(6)]"
03-01-06-02-02-01-22.wav,1,6,2,2,1,22,1,"[np.int64(1), np.int64(6)]"
03-01-05-02-01-02-22.wav,1,5,2,1,2,22,1,"[np.int64(1), np.int64(5)]"
03-01-02-01-02-01-22.wav,1,2,1,2,1,22,1,"[np.int64(1), np.int64(2)]"
03-01-02-01-01-01-22.wav,1,2,1,1,1,22,1,"[np.int64(1), np.int64(2)]"
03-01-06-01-01-01-22.wav,1,6,1,1,1,22,1,"[np.int64(1), np.int64(6)]"
03-01-07-01-02-02-22.wav,1,7,1,2,2,22,1,"[np.int64(1), np.int64(7)]"
03-01-05-02-02-01-22.wav,1,5,2,2,1,22,1,"[np.int64(1), np.int64(5)]"
03-01-04-02-02-01-22.wav,1,4,2,2,1,22,1,"[np.int64(1), np.int64(4)]"
03-01-02-02-02-01-22.wav,1,2,2,2,1,22,1,"[np.int64(1), np.int64(2)]"
03-01-08-02-02-02-22.wav,1,8,2,2,2,22,1,"[np.int64(1), np.int64(8)]"
03-01-06-02-01-01-22.wav,1,6,2,1,1,22,1,"[np.int64(1), np.int64(6)]"
03-01-07-01-01-02-22.wav,1,7,1,1,2,22,1,"[np.int64(1), np.int64(7)]"
03-01-08-02-01-01-22.wav,1,8,2,1,1,22,1,"[np.int64(1), np.int64(8)]"
03-01-03-01-01-02-22.wav,1,3,1,1,2,22,1,"[np.int64(1), np.int64(3)]"
03-01-07-02-02-01-22.wav,1,7,2,2,1,22,1,"[np.int64(1), np.int64(7)]"
03-01-02-01-01-02-22.wav,1,2,1,1,2,22,1,"[np.int64(1), np.int64(2)]"
03-01-04-01-02-01-22.wav,1,4,1,2,1,22,1,"[np.int64(1), np.int64(4)]"
03-01-05-01-02-02-22.wav,1,5,1,2,2,22,1,"[np.int64(1), np.int64(5)]"
03-01-04-02-01-02-22.wav,1,4,2,1,2,22,1,"[np.int64(1), np.int64(4)]"
03-01-07-01-01-01-22.wav,1,7,1,1,1,22,1,"[np.int64(1), np.int64(7)]"
03-01-03-02-02-02-22.wav,1,3,2,2,2,22,1,"[np.int64(1), np.int64(3)]"
03-01-04-02-02-02-22.wav,1,4,2,2,2,22,1,"[np.int64(1), np.int64(4)]"
03-01-02-02-01-01-22.wav,1,2,2,1,1,22,1,"[np.int64(1), np.int64(2)]"
03-01-05-01-01-02-13.wav,1,5,1,1,2,13,0,"[np.int64(0), np.int64(5)]"
03-01-08-02-01-02-13.wav,1,8,2,1,2,13,0,"[np.int64(0), np.int64(8)]"
03-01-08-01-02-01-13.wav,1,8,1,2,1,13,0,"[np.int64(0), np.int64(8)]"
03-01-02-02-01-02-13.wav,1,2,2,1,2,13,0,"[np.int64(0), np.int64(2)]"
03-01-04-01-01-02-13.wav,1,4,1,1,2,13,0,"[np.int64(0), np.int64(4)]"
03-01-08-02-02-02-13.wav,1,8,2,2,2,13,0,"[np.int64(0), np.int64(8)]"
03-01-03-01-01-01-13.wav,1,3,1,1,1,13,0,"[np.int64(0), np.int64(3)]"
03-01-07-01-01-02-13.wav,1,7,1,1,2,13,0,"[np.int64(0), np.int64(7)]"
03-01-02-01-02-02-13.wav,1,2,1,2,2,13,0,"[np.int64(0), np.int64(2)]"
03-01-07-01-02-01-13.wav,1,7,1,2,1,13,0,"[np.int64(0), np.int64(7)]"
03-01-03-01-02-01-13.wav,1,3,1,2,1,13,0,"[np.int64(0), np.int64(3)]"
03-01-08-02-02-01-13.wav,1,8,2,2,1,13,0,"[np.int64(0), np.int64(8)]"
03-01-07-02-01-02-13.wav,1,7,2,1,2,13,0,"[np.int64(0), np.int64(7)]"
03-01-04-01-01-01-13.wav,1,4,1,1,1,13,0,"[np.int64(0), np.int64(4)]"
03-01-03-02-02-02-13.wav,1,3,2,2,2,13,0,"[np.int64(0), np.int64(3)]"
03-01-08-02-01-01-13.wav,1,8,2,1,1,13,0,"[np.int64(0), np.int64(8)]"
03-01-02-01-01-02-13.wav,1,2,1,1,2,13,0,"[np.int64(0), np.int64(2)]"
03-01-01-01-01-02-13.wav,1,1,1,1,2,13,0,"[np.int64(0), np.int64(1)]"
03-01-04-02-02-02-13.wav,1,4,2,2,2,13,0,"[np.int64(0), np.int64(4)]"
03-01-02-02-02-01-13.wav,1,2,2,2,1,13,0,"[np.int64(0), np.int64(2)]"
03-01-06-02-01-01-13.wav,1,6,2,1,1,13,0,"[np.int64(0), np.int64(6)]"
03-01-06-01-02-02-13.wav,1,6,1,2,2,13,0,"[np.int64(0), np.int64(6)]"
03-01-05-02-01-01-13.wav,1,5,2,1,1,13,0,"[np.int64(0), np.int64(5)]"
03-01-06-01-02-01-13.wav,1,6,1,2,1,13,0,"[np.int64(0), np.int64(6)]"
03-01-01-01-01-01-13.wav,1,1,1,1,1,13,0,"[np.int64(0), np.int64(1)]"
03-01-04-02-01-01-13.wav,1,4,2,1,1,13,0,"[np.int64(0), np.int64(4)]"
03-01-07-02-02-01-13.wav,1,7,2,2,1,13,0,"[np.int64(0), np.int64(7)]"
03-01-03-02-01-01-13.wav,1,3,2,1,1,13,0,"[np.int64(0), np.int64(3)]"
03-01-06-02-02-02-13.wav,1,6,2,2,2,13,0,"[np.int64(0), np.int64(6)]"
03-01-04-02-01-02-13.wav,1,4,2,1,2,13,0,"[np.int64(0), np.int64(4)]"
03-01-01-01-02-01-13.wav,1,1,1,2,1,13,0,"[np.int64(0), np.int64(1)]"
03-01-02-01-02-01-13.wav,1,2,1,2,1,13,0,"[np.int64(0), np.int64(2)]"
03-01-01-01-02-02-13.wav,1,1,1,2,2,13,0,"[np.int64(0), np.int64(1)]"
03-01-02-01-01-01-13.wav,1,2,1,1,1,13,0,"[np.int64(0), np.int64(2)]"
03-01-04-01-02-02-13.wav,1,4,1,2,2,13,0,"[np.int64(0), np.int64(4)]"
03-01-07-01-02-02-13.wav,1,7,1,2,2,13,0,"[np.int64(0), np.int64(7)]"
03-01-05-02-02-01-13.wav,1,5,2,2,1,13,0,"[np.int64(0), np.int64(5)]"
03-01-08-01-01-01-13.wav,1,8,1,1,1,13,0,"[np.int64(0), np.int64(8)]"
03-01-04-01-02-01-13.wav,1,4,1,2,1,13,0,"[np.int64(0), np.int64(4)]"
03-01-08-01-01-02-13.wav,1,8,1,1,2,13,0,"[np.int64(0), np.int64(8)]"
03-01-03-02-02-01-13.wav,1,3,2,2,1,13,0,"[np.int64(0), np.int64(3)]"
03-01-05-01-01-01-13.wav,1,5,1,1,1,13,0,"[np.int64(0), np.int64(5)]"
03-01-05-02-02-02-13.wav,1,5,2,2,2,13,0,"[np.int64(0), np.int64(5)]"
03-01-02-02-01-01-13.wav,1,2,2,1,1,13,0,"[np.int64(0), np.int64(2)]"
03-01-07-01-01-01-13.wav,1,7,1,1,1,13,0,"[np.int64(0), np.int64(7)]"
03-01-03-01-01-02-13.wav,1,3,1,1,2,13,0,"[np.int64(0), np.int64(3)]"
03-01-06-01-01-01-13.wav,1,6,1,1,1,13,0,"[np.int64(0), np.int64(6)]"
03-01-05-01-02-02-13.wav,1,5,1,2,2,13,0,"[np.int64(0), np.int64(5)]"
03-01-06-01-01-02-13.wav,1,6,1,1,2,13,0,"[np.int64(0), np.int64(6)]"
03-01-06-02-01-02-13.wav,1,6,2,1,2,13,0,"[np.int64(0), np.int64(6)]"
03-01-03-01-02-02-13.wav,1,3,1,2,2,13,0,"[np.int64(0), np.int64(3)]"
03-01-07-02-01-01-13.wav,1,7,2,1,1,13,0,"[np.int64(0), np.int64(7)]"
03-01-05-01-02-01-13.wav,1,5,1,2,1,13,0,"[np.int64(0), np.int64(5)]"
03-01-07-02-02-02-13.wav,1,7,2,2,2,13,0,"[np.int64(0), np.int64(7)]"
03-01-04-02-02-01-13.wav,1,4,2,2,1,13,0,"[np.int64(0), np.int64(4)]"
03-01-02-02-02-02-13.wav,1,2,2,2,2,13,0,"[np.int64(0), np.int64(2)]"
03-01-06-02-02-01-13.wav,1,6,2,2,1,13,0,"[np.int64(0), np.int64(6)]"
03-01-03-02-01-02-13.wav,1,3,2,1,2,13,0,"[np.int64(0), np.int64(3)]"
03-01-08-01-02-02-13.wav,1,8,1,2,2,13,0,"[np.int64(0), np.int64(8)]"
03-01-05-02-01-02-13.wav,1,5,2,1,2,13,0,"[np.int64(0), np.int64(5)]"
03-01-04-01-02-01-20.wav,1,4,1,2,1,20,1,"[np.int64(1), np.int64(4)]"
03-01-07-02-01-02-20.wav,1,7,2,1,2,20,1,"[np.int64(1), np.int64(7)]"
03-01-02-01-02-02-20.wav,1,2,1,2,2,20,1,"[np.int64(1), np.int64(2)]"
03-01-08-02-02-02-20.wav,1,8,2,2,2,20,1,"[np.int64(1), np.int64(8)]"
03-01-05-01-01-01-20.wav,1,5,1,1,1,20,1,"[np.int64(1), np.int64(5)]"
03-01-06-01-02-01-20.wav,1,6,1,2,1,20,1,"[np.int64(1), np.int64(6)]"
03-01-07-01-02-02-20.wav,1,7,1,2,2,20,1,"[np.int64(1), np.int64(7)]"
03-01-08-01-01-02-20.wav,1,8,1,1,2,20,1,"[np.int64(1), np.int64(8)]"
03-01-01-01-01-01-20.wav,1,1,1,1,1,20,1,"[np.int64(1), np.int64(1)]"
03-01-03-02-02-02-20.wav,1,3,2,2,2,20,1,"[np.int64(1), np.int64(3)]"
03-01-08-02-01-01-20.wav,1,8,2,1,1,20,1,"[np.int64(1), np.int64(8)]"
03-01-04-01-02-02-20.wav,1,4,1,2,2,20,1,"[np.int64(1), np.int64(4)]"
03-01-03-01-02-02-20.wav,1,3,1,2,2,20,1,"[np.int64(1), np.int64(3)]"
03-01-04-01-01-02-20.wav,1,4,1,1,2,20,1,"[np.int64(1), np.int64(4)]"
03-01-01-01-02-02-20.wav,1,1,1,2,2,20,1,"[np.int64(1), np.int64(1)]"
03-01-07-02-01-01-20.wav,1,7,2,1,1,20,1,"[np.int64(1), np.int64(7)]"
03-01-04-02-02-01-20.wav,1,4,2,2,1,20,1,"[np.int64(1), np.int64(4)]"
03-01-03-02-01-02-20.wav,1,3,2,1,2,20,1,"[np.int64(1), np.int64(3)]"
03-01-06-02-02-02-20.wav,1,6,2,2,2,20,1,"[np.int64(1), np.int64(6)]"
03-01-06-02-01-01-20.wav,1,6,2,1,1,20,1,"[np.int64(1), np.int64(6)]"
03-01-05-02-01-01-20.wav,1,5,2,1,1,20,1,"[np.int64(1), np.int64(5)]"
03-01-04-02-02-02-20.wav,1,4,2,2,2,20,1,"[np.int64(1), np.int64(4)]"
03-01-02-01-01-02-20.wav,1,2,1,1,2,20,1,"[np.int64(1), np.int64(2)]"
03-01-02-01-01-01-20.wav,1,2,1,1,1,20,1,"[np.int64(1), np.int64(2)]"
03-01-07-01-01-02-20.wav,1,7,1,1,2,20,1,"[np.int64(1), np.int64(7)]"
03-01-08-01-01-01-20.wav,1,8,1,1,1,20,1,"[np.int64(1), np.int64(8)]"
03-01-01-01-02-01-20.wav,1,1,1,2,1,20,1,"[np.int64(1), np.int64(1)]"
03-01-08-02-01-02-20.wav,1,8,2,1,2,20,1,"[np.int64(1), np.int64(8)]"
03-01-06-01-02-02-20.wav,1,6,1,2,2,20,1,"[np.int64(1), np.int64(6)]"
03-01-08-01-02-02-20.wav,1,8,1,2,2,20,1,"[np.int64(1), np.int64(8)]"
03-01-02-02-01-02-20.wav,1,2,2,1,2,20,1,"[np.int64(1), np.int64(2)]"
03-01-07-02-02-02-20.wav,1,7,2,2,2,20,1,"[np.int64(1), np.int64(7)]"
03-01-07-01-02-01-20.wav,1,7,1,2,1,20,1,"[np.int64(1), np.int64(7)]"
03-01-07-02-02-01-20.wav,1,7,2,2,1,20,1,"[np.int64(1), np.int64(7)]"
03-01-05-01-02-01-20.wav,1,5,1,2,1,20,1,"[np.int64(1), np.int64(5)]"
03-01-05-01-02-02-20.wav,1,5,1,2,2,20,1,"[np.int64(1), np.int64(5)]"
03-01-03-01-01-02-20.wav,1,3,1,1,2,20,1,"[np.int64(1), np.int64(3)]"
03-01-08-01-02-01-20.wav,1,8,1,2,1,20,1,"[np.int64(1), np.int64(8)]"
03-01-08-02-02-01-20.wav,1,8,2,2,1,20,1,"[np.int64(1), np.int64(8)]"
03-01-04-02-01-02-20.wav,1,4,2,1,2,20,1,"[np.int64(1), np.int64(4)]"
03-01-05-02-02-01-20.wav,1,5,2,2,1,20,1,"[np.int64(1), np.int64(5)]"
03-01-06-01-01-01-20.wav,1,6,1,1,1,20,1,"[np.int64(1), np.int64(6)]"
03-01-03-01-02-01-20.wav,1,3,1,2,1,20,1,"[np.int64(1), np.int64(3)]"
03-01-02-02-02-02-20.wav,1,2,2,2,2,20,1,"[np.int64(1), np.int64(2)]"
03-01-06-02-02-01-20.wav,1,6,2,2,1,20,1,"[np.int64(1), np.int64(6)]"
03-01-04-02-01-01-20.wav,1,4,2,1,1,20,1,"[np.int64(1), np.int64(4)]"
03-01-06-02-01-02-20.wav,1,6,2,1,2,20,1,"[np.int64(1), np.int64(6)]"
03-01-05-02-01-02-20.wav,1,5,2,1,2,20,1,"[np.int64(1), np.int64(5)]"
03-01-03-01-01-01-20.wav,1,3,1,1,1,20,1,"[np.int64(1), np.int64(3)]"
03-01-01-01-01-02-20.wav,1,1,1,1,2,20,1,"[np.int64(1), np.int64(1)]"
03-01-02-02-01-01-20.wav,1,2,2,1,1,20,1,"[np.int64(1), np.int64(2)]"
03-01-03-02-02-01-20.wav,1,3,2,2,1,20,1,"[np.int64(1), np.int64(3)]"
03-01-07-01-01-01-20.wav,1,7,1,1,1,20,1,"[np.int64(1), np.int64(7)]"
03-01-05-02-02-02-20.wav,1,5,2,2,2,20,1,"[np.int64(1), np.int64(5)]"
03-01-02-01-02-01-20.wav,1,2,1,2,1,20,1,"[np.int64(1), np.int64(2)]"
03-01-04-01-01-01-20.wav,1,4,1,1,1,20,1,"[np.int64(1), np.int64(4)]"
03-01-06-01-01-02-20.wav,1,6,1,1,2,20,1,"[np.int64(1), np.int64(6)]"
03-01-05-01-01-02-20.wav,1,5,1,1,2,20,1,"[np.int64(1), np.int64(5)]"
03-01-03-02-01-01-20.wav,1,3,2,1,1,20,1,"[np.int64(1), np.int64(3)]"
03-01-02-02-02-01-20.wav,1,2,2,2,1,20,1,"[np.int64(1), np.int64(2)]"
03-01-05-02-02-02-18.wav,1,5,2,2,2,18,1,"[np.int64(1), np.int64(5)]"
03-01-01-01-02-01-18.wav,1,1,1,2,1,18,1,"[np.int64(1), np.int64(1)]"
03-01-06-01-02-01-18.wav,1,6,1,2,1,18,1,"[np.int64(1), np.int64(6)]"
03-01-04-01-02-01-18.wav,1,4,1,2,1,18,1,"[np.int64(1), np.int64(4)]"
03-01-08-01-01-01-18.wav,1,8,1,1,1,18,1,"[np.int64(1), np.int64(8)]"
03-01-02-02-02-02-18.wav,1,2,2,2,2,18,1,"[np.int64(1), np.int64(2)]"
03-01-05-02-02-01-18.wav,1,5,2,2,1,18,1,"[np.int64(1), np.int64(5)]"
03-01-02-01-01-01-18.wav,1,2,1,1,1,18,1,"[np.int64(1), np.int64(2)]"
03-01-01-01-01-01-18.wav,1,1,1,1,1,18,1,"[np.int64(1), np.int64(1)]"
03-01-05-01-01-01-18.wav,1,5,1,1,1,18,1,"[np.int64(1), np.int64(5)]"
03-01-05-01-02-01-18.wav,1,5,1,2,1,18,1,"[np.int64(1), np.int64(5)]"
03-01-04-02-01-02-18.wav,1,4,2,1,2,18,1,"[np.int64(1), np.int64(4)]"
03-01-05-01-02-02-18.wav,1,5,1,2,2,18,1,"[np.int64(1), np.int64(5)]"
03-01-05-01-01-02-18.wav,1,5,1,1,2,18,1,"[np.int64(1), np.int64(5)]"
03-01-04-01-02-02-18.wav,1,4,1,2,2,18,1,"[np.int64(1), np.int64(4)]"
03-01-08-02-02-02-18.wav,1,8,2,2,2,18,1,"[np.int64(1), np.int64(8)]"
03-01-04-01-01-01-18.wav,1,4,1,1,1,18,1,"[np.int64(1), np.int64(4)]"
03-01-01-01-02-02-18.wav,1,1,1,2,2,18,1,"[np.int64(1), np.int64(1)]"
03-01-02-01-02-01-18.wav,1,2,1,2,1,18,1,"[np.int64(1), np.int64(2)]"
03-01-03-02-02-02-18.wav,1,3,2,2,2,18,1,"[np.int64(1), np.int64(3)]"
03-01-07-02-02-02-18.wav,1,7,2,2,2,18,1,"[np.int64(1), np.int64(7)]"
03-01-03-01-01-01-18.wav,1,3,1,1,1,18,1,"[np.int64(1), np.int64(3)]"
03-01-07-01-02-01-18.wav,1,7,1,2,1,18,1,"[np.int64(1), np.int64(7)]"
03-01-04-02-02-02-18.wav,1,4,2,2,2,18,1,"[np.int64(1), np.int64(4)]"
03-01-04-02-01-01-18.wav,1,4,2,1,1,18,1,"[np.int64(1), np.int64(4)]"
03-01-07-01-02-02-18.wav,1,7,1,2,2,18,1,"[np.int64(1), np.int64(7)]"
03-01-03-02-01-01-18.wav,1,3,2,1,1,18,1,"[np.int64(1), np.int64(3)]"
03-01-08-02-01-02-18.wav,1,8,2,1,2,18,1,"[np.int64(1), np.int64(8)]"
03-01-07-02-01-02-18.wav,1,7,2,1,2,18,1,"[np.int64(1), np.int64(7)]"
03-01-02-01-01-02-18.wav,1,2,1,1,2,18,1,"[np.int64(1), np.int64(2)]"
03-01-06-01-01-02-18.wav,1,6,1,1,2,18,1,"[np.int64(1), np.int64(6)]"
03-01-02-02-02-01-18.wav,1,2,2,2,1,18,1,"[np.int64(1), np.int64(2)]"
03-01-05-02-01-01-18.wav,1,5,2,1,1,18,1,"[np.int64(1), np.int64(5)]"
03-01-02-02-01-02-18.wav,1,2,2,1,2,18,1,"[np.int64(1), np.int64(2)]"
03-01-07-01-01-02-18.wav,1,7,1,1,2,18,1,"[np.int64(1), np.int64(7)]"
03-01-02-02-01-01-18.wav,1,2,2,1,1,18,1,"[np.int64(1), np.int64(2)]"
03-01-04-02-02-01-18.wav,1,4,2,2,1,18,1,"[np.int64(1), np.int64(4)]"
03-01-03-02-02-01-18.wav,1,3,2,2,1,18,1,"[np.int64(1), np.int64(3)]"
03-01-01-01-01-02-18.wav,1,1,1,1,2,18,1,"[np.int64(1), np.int64(1)]"
03-01-06-02-02-01-18.wav,1,6,2,2,1,18,1,"[np.int64(1), np.int64(6)]"
03-01-08-01-02-01-18.wav,1,8,1,2,1,18,1,"[np.int64(1), np.int64(8)]"
03-01-02-01-02-02-18.wav,1,2,1,2,2,18,1,"[np.int64(1), np.int64(2)]"
03-01-07-02-01-01-18.wav,1,7,2,1,1,18,1,"[np.int64(1), np.int64(7)]"
03-01-06-01-01-01-18.wav,1,6,1,1,1,18,1,"[np.int64(1), np.int64(6)]"
03-01-07-01-01-01-18.wav,1,7,1,1,1,18,1,"[np.int64(1), np.int64(7)]"
03-01-03-01-02-01-18.wav,1,3,1,2,1,18,1,"[np.int64(1), np.int64(3)]"
03-01-03-02-01-02-18.wav,1,3,2,1,2,18,1,"[np.int64(1), np.int64(3)]"
03-01-03-01-02-02-18.wav,1,3,1,2,2,18,1,"[np.int64(1), np.int64(3)]"
03-01-08-02-01-01-18.wav,1,8,2,1,1,18,1,"[np.int64(1), np.int64(8)]"
03-01-06-02-02-02-18.wav,1,6,2,2,2,18,1,"[np.int64(1), np.int64(6)]"
03-01-06-01-02-02-18.wav,1,6,1,2,2,18,1,"[np.int64(1), np.int64(6)]"
03-01-05-02-01-02-18.wav,1,5,2,1,2,18,1,"[np.int64(1), np.int64(5)]"
03-01-08-02-02-01-18.wav,1,8,2,2,1,18,1,"[np.int64(1), np.int64(8)]"
03-01-08-01-02-02-18.wav,1,8,1,2,2,18,1,"[np.int64(1), np.int64(8)]"
03-01-06-02-01-02-18.wav,1,6,2,1,2,18,1,"[np.int64(1), np.int64(6)]"
03-01-03-01-01-02-18.wav,1,3,1,1,2,18,1,"[np.int64(1), np.int64(3)]"
03-01-06-02-01-01-18.wav,1,6,2,1,1,18,1,"[np.int64(1), np.int64(6)]"
03-01-04-01-01-02-18.wav,1,4,1,1,2,18,1,"[np.int64(1), np.int64(4)]"
03-01-08-01-01-02-18.wav,1,8,1,1,2,18,1,"[np.int64(1), np.int64(8)]"
03-01-07-02-02-01-18.wav,1,7,2,2,1,18,1,"[np.int64(1), np.int64(7)]"
03-01-05-01-02-01-17.wav,1,5,1,2,1,17,0,"[np.int64(0), np.int64(5)]"
03-01-08-01-02-01-17.wav,1,8,1,2,1,17,0,"[np.int64(0), np.int64(8)]"
03-01-03-01-02-01-17.wav,1,3,1,2,1,17,0,"[np.int64(0), np.int64(3)]"
03-01-06-01-02-02-17.wav,1,6,1,2,2,17,0,"[np.int64(0), np.int64(6)]"
03-01-03-01-01-02-17.wav,1,3,1,1,2,17,0,"[np.int64(0), np.int64(3)]"
03-01-03-02-02-01-17.wav,1,3,2,2,1,17,0,"[np.int64(0), np.int64(3)]"
03-01-05-02-01-02-17.wav,1,5,2,1,2,17,0,"[np.int64(0), np.int64(5)]"
03-01-01-01-01-01-17.wav,1,1,1,1,1,17,0,"[np.int64(0), np.int64(1)]"
03-01-01-01-02-02-17.wav,1,1,1,2,2,17,0,"[np.int64(0), np.int64(1)]"
03-01-07-01-02-01-17.wav,1,7,1,2,1,17,0,"[np.int64(0), np.int64(7)]"
03-01-02-02-02-01-17.wav,1,2,2,2,1,17,0,"[np.int64(0), np.int64(2)]"
03-01-04-01-02-01-17.wav,1,4,1,2,1,17,0,"[np.int64(0), np.int64(4)]"
03-01-07-02-02-01-17.wav,1,7,2,2,1,17,0,"[np.int64(0), np.int64(7)]"
03-01-03-01-02-02-17.wav,1,3,1,2,2,17,0,"[np.int64(0), np.int64(3)]"
03-01-06-02-01-01-17.wav,1,6,2,1,1,17,0,"[np.int64(0), np.int64(6)]"
03-01-02-02-01-01-17.wav,1,2,2,1,1,17,0,"[np.int64(0), np.int64(2)]"
03-01-03-02-01-01-17.wav,1,3,2,1,1,17,0,"[np.int64(0), np.int64(3)]"
03-01-04-02-01-01-17.wav,1,4,2,1,1,17,0,"[np.int64(0), np.int64(4)]"
03-01-06-01-02-01-17.wav,1,6,1,2,1,17,0,"[np.int64(0), np.int64(6)]"
03-01-06-01-01-02-17.wav,1,6,1,1,2,17,0,"[np.int64(0), np.int64(6)]"
03-01-01-01-02-01-17.wav,1,1,1,2,1,17,0,"[np.int64(0), np.int64(1)]"
03-01-06-01-01-01-17.wav,1,6,1,1,1,17,0,"[np.int64(0), np.int64(6)]"
03-01-02-01-02-02-17.wav,1,2,1,2,2,17,0,"[np.int64(0), np.int64(2)]"
03-01-08-02-01-01-17.wav,1,8,2,1,1,17,0,"[np.int64(0), np.int64(8)]"
03-01-08-01-01-02-17.wav,1,8,1,1,2,17,0,"[np.int64(0), np.int64(8)]"
03-01-03-02-02-02-17.wav,1,3,2,2,2,17,0,"[np.int64(0), np.int64(3)]"
03-01-06-02-01-02-17.wav,1,6,2,1,2,17,0,"[np.int64(0), np.int64(6)]"
03-01-04-01-01-01-17.wav,1,4,1,1,1,17,0,"[np.int64(0), np.int64(4)]"
03-01-05-01-01-01-17.wav,1,5,1,1,1,17,0,"[np.int64(0), np.int64(5)]"
03-01-03-01-01-01-17.wav,1,3,1,1,1,17,0,"[np.int64(0), np.int64(3)]"
03-01-05-02-02-02-17.wav,1,5,2,2,2,17,0,"[np.int64(0), np.int64(5)]"
03-01-04-02-02-02-17.wav,1,4,2,2,2,17,0,"[np.int64(0), np.int64(4)]"
03-01-05-02-01-01-17.wav,1,5,2,1,1,17,0,"[np.int64(0), np.int64(5)]"
03-01-08-01-02-02-17.wav,1,8,1,2,2,17,0,"[np.int64(0), np.int64(8)]"
03-01-08-02-02-01-17.wav,1,8,2,2,1,17,0,"[np.int64(0), np.int64(8)]"
03-01-04-02-02-01-17.wav,1,4,2,2,1,17,0,"[np.int64(0), np.int64(4)]"
03-01-02-02-02-02-17.wav,1,2,2,2,2,17,0,"[np.int64(0), np.int64(2)]"
03-01-02-01-01-02-17.wav,1,2,1,1,2,17,0,"[np.int64(0), np.int64(2)]"
03-01-07-02-01-02-17.wav,1,7,2,1,2,17,0,"[np.int64(0), np.int64(7)]"
03-01-08-01-01-01-17.wav,1,8,1,1,1,17,0,"[np.int64(0), np.int64(8)]"
03-01-02-01-01-01-17.wav,1,2,1,1,1,17,0,"[np.int64(0), np.int64(2)]"
03-01-07-01-01-02-17.wav,1,7,1,1,2,17,0,"[np.int64(0), np.int64(7)]"
03-01-07-01-02-02-17.wav,1,7,1,2,2,17,0,"[np.int64(0), np.int64(7)]"
03-01-08-02-02-02-17.wav,1,8,2,2,2,17,0,"[np.int64(0), np.int64(8)]"
03-01-05-02-02-01-17.wav,1,5,2,2,1,17,0,"[np.int64(0), np.int64(5)]"
03-01-06-02-02-02-17.wav,1,6,2,2,2,17,0,"[np.int64(0), np.int64(6)]"
03-01-06-02-02-01-17.wav,1,6,2,2,1,17,0,"[np.int64(0), np.int64(6)]"
03-01-08-02-01-02-17.wav,1,8,2,1,2,17,0,"[np.int64(0), np.int64(8)]"
03-01-07-02-01-01-17.wav,1,7,2,1,1,17,0,"[np.int64(0), np.int64(7)]"
03-01-07-02-02-02-17.wav,1,7,2,2,2,17,0,"[np.int64(0), np.int64(7)]"
03-01-04-01-02-02-17.wav,1,4,1,2,2,17,0,"[np.int64(0), np.int64(4)]"
03-01-04-01-01-02-17.wav,1,4,1,1,2,17,0,"[np.int64(0), np.int64(4)]"
03-01-03-02-01-02-17.wav,1,3,2,1,2,17,0,"[np.int64(0), np.int64(3)]"
03-01-04-02-01-02-17.wav,1,4,2,1,2,17,0,"[np.int64(0), np.int64(4)]"
03-01-05-01-01-02-17.wav,1,5,1,1,2,17,0,"[np.int64(0), np.int64(5)]"
03-01-02-02-01-02-17.wav,1,2,2,1,2,17,0,"[np.int64(0), np.int64(2)]"
03-01-02-01-02-01-17.wav,1,2,1,2,1,17,0,"[np.int64(0), np.int64(2)]"
03-01-05-01-02-02-17.wav,1,5,1,2,2,17,0,"[np.int64(0), np.int64(5)]"
03-01-01-01-01-02-17.wav,1,1,1,1,2,17,0,"[np.int64(0), np.int64(1)]"
03-01-07-01-01-01-17.wav,1,7,1,1,1,17,0,"[np.int64(0), np.int64(7)]"
03-01-08-02-01-01-24.wav,1,8,2,1,1,24,1,"[np.int64(1), np.int64(8)]"
03-01-04-02-02-02-24.wav,1,4,2,2,2,24,1,"[np.int64(1), np.int64(4)]"
03-01-08-01-01-02-24.wav,1,8,1,1,2,24,1,"[np.int64(1), np.int64(8)]"
03-01-02-01-02-01-24.wav,1,2,1,2,1,24,1,"[np.int64(1), np.int64(2)]"
03-01-08-02-02-01-24.wav,1,8,2,2,1,24,1,"[np.int64(1), np.int64(8)]"
03-01-07-02-01-02-24.wav,1,7,2,1,2,24,1,"[np.int64(1), np.int64(7)]"
03-01-06-01-01-02-24.wav,1,6,1,1,2,24,1,"[np.int64(1), np.int64(6)]"
03-01-06-02-01-01-24.wav,1,6,2,1,1,24,1,"[np.int64(1), np.int64(6)]"
03-01-06-01-01-01-24.wav,1,6,1,1,1,24,1,"[np.int64(1), np.int64(6)]"
03-01-05-02-02-01-24.wav,1,5,2,2,1,24,1,"[np.int64(1), np.int64(5)]"
03-01-04-02-02-01-24.wav,1,4,2,2,1,24,1,"[np.int64(1), np.int64(4)]"
03-01-03-02-02-02-24.wav,1,3,2,2,2,24,1,"[np.int64(1), np.int64(3)]"
03-01-01-01-01-01-24.wav,1,1,1,1,1,24,1,"[np.int64(1), np.int64(1)]"
03-01-05-01-02-01-24.wav,1,5,1,2,1,24,1,"[np.int64(1), np.int64(5)]"
03-01-08-01-01-01-24.wav,1,8,1,1,1,24,1,"[np.int64(1), np.int64(8)]"
03-01-07-01-02-02-24.wav,1,7,1,2,2,24,1,"[np.int64(1), np.int64(7)]"
03-01-08-01-02-01-24.wav,1,8,1,2,1,24,1,"[np.int64(1), np.int64(8)]"
03-01-04-01-02-02-24.wav,1,4,1,2,2,24,1,"[np.int64(1), np.int64(4)]"
03-01-03-01-02-01-24.wav,1,3,1,2,1,24,1,"[np.int64(1), np.int64(3)]"
03-01-07-01-01-02-24.wav,1,7,1,1,2,24,1,"[np.int64(1), np.int64(7)]"
03-01-08-02-02-02-24.wav,1,8,2,2,2,24,1,"[np.int64(1), np.int64(8)]"
03-01-05-01-02-02-24.wav,1,5,1,2,2,24,1,"[np.int64(1), np.int64(5)]"
03-01-06-02-02-02-24.wav,1,6,2,2,2,24,1,"[np.int64(1), np.int64(6)]"
03-01-02-02-02-01-24.wav,1,2,2,2,1,24,1,"[np.int64(1), np.int64(2)]"
03-01-05-02-02-02-24.wav,1,5,2,2,2,24,1,"[np.int64(1), np.int64(5)]"
03-01-02-01-02-02-24.wav,1,2,1,2,2,24,1,"[np.int64(1), np.int64(2)]"
03-01-02-01-01-02-24.wav,1,2,1,1,2,24,1,"[np.int64(1), np.int64(2)]"
03-01-02-01-01-01-24.wav,1,2,1,1,1,24,1,"[np.int64(1), np.int64(2)]"
03-01-07-01-01-01-24.wav,1,7,1,1,1,24,1,"[np.int64(1), np.int64(7)]"
03-01-02-02-01-02-24.wav,1,2,2,1,2,24,1,"[np.int64(1), np.int64(2)]"
03-01-08-02-01-02-24.wav,1,8,2,1,2,24,1,"[np.int64(1), np.int64(8)]"
03-01-01-01-01-02-24.wav,1,1,1,1,2,24,1,"[np.int64(1), np.int64(1)]"
03-01-04-01-01-02-24.wav,1,4,1,1,2,24,1,"[np.int64(1), np.int64(4)]"
03-01-05-02-01-02-24.wav,1,5,2,1,2,24,1,"[np.int64(1), np.int64(5)]"
03-01-01-01-02-01-24.wav,1,1,1,2,1,24,1,"[np.int64(1), np.int64(1)]"
03-01-03-01-02-02-24.wav,1,3,1,2,2,24,1,"[np.int64(1), np.int64(3)]"
03-01-07-02-02-01-24.wav,1,7,2,2,1,24,1,"[np.int64(1), np.int64(7)]"
03-01-05-01-01-02-24.wav,1,5,1,1,2,24,1,"[np.int64(1), np.int64(5)]"
03-01-03-02-01-02-24.wav,1,3,2,1,2,24,1,"[np.int64(1), np.int64(3)]"
03-01-04-01-01-01-24.wav,1,4,1,1,1,24,1,"[np.int64(1), np.int64(4)]"
03-01-07-02-02-02-24.wav,1,7,2,2,2,24,1,"[np.int64(1), np.int64(7)]"
03-01-07-01-02-01-24.wav,1,7,1,2,1,24,1,"[np.int64(1), np.int64(7)]"
03-01-05-02-01-01-24.wav,1,5,2,1,1,24,1,"[np.int64(1), np.int64(5)]"
03-01-06-01-02-02-24.wav,1,6,1,2,2,24,1,"[np.int64(1), np.int64(6)]"
03-01-06-02-02-01-24.wav,1,6,2,2,1,24,1,"[np.int64(1), np.int64(6)]"
03-01-07-02-01-01-24.wav,1,7,2,1,1,24,1,"[np.int64(1), np.int64(7)]"
03-01-04-02-01-01-24.wav,1,4,2,1,1,24,1,"[np.int64(1), np.int64(4)]"
03-01-05-01-01-01-24.wav,1,5,1,1,1,24,1,"[np.int64(1), np.int64(5)]"
03-01-08-01-02-02-24.wav,1,8,1,2,2,24,1,"[np.int64(1), np.int64(8)]"
03-01-04-01-02-01-24.wav,1,4,1,2,1,24,1,"[np.int64(1), np.int64(4)]"
03-01-02-02-01-01-24.wav,1,2,2,1,1,24,1,"[np.int64(1), np.int64(2)]"
03-01-03-02-02-01-24.wav,1,3,2,2,1,24,1,"[np.int64(1), np.int64(3)]"
03-01-04-02-01-02-24.wav,1,4,2,1,2,24,1,"[np.int64(1), np.int64(4)]"
03-01-06-01-02-01-24.wav,1,6,1,2,1,24,1,"[np.int64(1), np.int64(6)]"
03-01-06-02-01-02-24.wav,1,6,2,1,2,24,1,"[np.int64(1), np.int64(6)]"
03-01-03-01-01-02-24.wav,1,3,1,1,2,24,1,"[np.int64(1), np.int64(3)]"
03-01-01-01-02-02-24.wav,1,1,1,2,2,24,1,"[np.int64(1), np.int64(1)]"
03-01-03-01-01-01-24.wav,1,3,1,1,1,24,1,"[np.int64(1), np.int64(3)]"
03-01-02-02-02-02-24.wav,1,2,2,2,2,24,1,"[np.int64(1), np.int64(2)]"
03-01-03-02-01-01-24.wav,1,3,2,1,1,24,1,"[np.int64(1), np.int64(3)]"
03-01-05-02-02-02-10.wav,1,5,2,2,2,10,1,"[np.int64(1), np.int64(5)]"
03-01-07-01-02-02-10.wav,1,7,1,2,2,10,1,"[np.int64(1), np.int64(7)]"
03-01-04-02-01-02-10.wav,1,4,2,1,2,10,1,"[np.int64(1), np.int64(4)]"
03-01-04-01-01-02-10.wav,1,4,1,1,2,10,1,"[np.int64(1), np.int64(4)]"
03-01-03-02-02-02-10.wav,1,3,2,2,2,10,1,"[np.int64(1), np.int64(3)]"
03-01-05-01-01-01-10.wav,1,5,1,1,1,10,1,"[np.int64(1), np.int64(5)]"
03-01-01-01-02-02-10.wav,1,1,1,2,2,10,1,"[np.int64(1), np.int64(1)]"
03-01-01-01-01-01-10.wav,1,1,1,1,1,10,1,"[np.int64(1), np.int64(1)]"
03-01-05-01-02-01-10.wav,1,5,1,2,1,10,1,"[np.int64(1), np.int64(5)]"
03-01-08-01-02-01-10.wav,1,8,1,2,1,10,1,"[np.int64(1), np.int64(8)]"
03-01-07-02-02-02-10.wav,1,7,2,2,2,10,1,"[np.int64(1), np.int64(7)]"
03-01-06-02-01-01-10.wav,1,6,2,1,1,10,1,"[np.int64(1), np.int64(6)]"
03-01-03-02-01-01-10.wav,1,3,2,1,1,10,1,"[np.int64(1), np.int64(3)]"
03-01-06-01-01-02-10.wav,1,6,1,1,2,10,1,"[np.int64(1), np.int64(6)]"
03-01-07-01-01-02-10.wav,1,7,1,1,2,10,1,"[np.int64(1), np.int64(7)]"
03-01-07-02-02-01-10.wav,1,7,2,2,1,10,1,"[np.int64(1), np.int64(7)]"
03-01-06-02-01-02-10.wav,1,6,2,1,2,10,1,"[np.int64(1), np.int64(6)]"
03-01-04-02-01-01-10.wav,1,4,2,1,1,10,1,"[np.int64(1), np.int64(4)]"
03-01-03-01-02-02-10.wav,1,3,1,2,2,10,1,"[np.int64(1), np.int64(3)]"
03-01-02-02-02-01-10.wav,1,2,2,2,1,10,1,"[np.int64(1), np.int64(2)]"
03-01-08-02-02-01-10.wav,1,8,2,2,1,10,1,"[np.int64(1), np.int64(8)]"
03-01-05-01-02-02-10.wav,1,5,1,2,2,10,1,"[np.int64(1), np.int64(5)]"
03-01-06-01-02-02-10.wav,1,6,1,2,2,10,1,"[np.int64(1), np.int64(6)]"
03-01-06-02-02-02-10.wav,1,6,2,2,2,10,1,"[np.int64(1), np.int64(6)]"
03-01-06-01-01-01-10.wav,1,6,1,1,1,10,1,"[np.int64(1), np.int64(6)]"
03-01-04-01-01-01-10.wav,1,4,1,1,1,10,1,"[np.int64(1), np.int64(4)]"
03-01-02-02-01-01-10.wav,1,2,2,1,1,10,1,"[np.int64(1), np.int64(2)]"
03-01-05-02-01-02-10.wav,1,5,2,1,2,10,1,"[np.int64(1), np.int64(5)]"
03-01-07-02-01-02-10.wav,1,7,2,1,2,10,1,"[np.int64(1), np.int64(7)]"
03-01-04-02-02-02-10.wav,1,4,2,2,2,10,1,"[np.int64(1), np.int64(4)]"
03-01-08-02-01-02-10.wav,1,8,2,1,2,10,1,"[np.int64(1), np.int64(8)]"
03-01-04-01-02-02-10.wav,1,4,1,2,2,10,1,"[np.int64(1), np.int64(4)]"
03-01-07-02-01-01-10.wav,1,7,2,1,1,10,1,"[np.int64(1), np.int64(7)]"
03-01-08-02-01-01-10.wav,1,8,2,1,1,10,1,"[np.int64(1), np.int64(8)]"
03-01-03-01-01-01-10.wav,1,3,1,1,1,10,1,"[np.int64(1), np.int64(3)]"
03-01-02-01-01-02-10.wav,1,2,1,1,2,10,1,"[np.int64(1), np.int64(2)]"
03-01-07-01-01-01-10.wav,1,7,1,1,1,10,1,"[np.int64(1), np.int64(7)]"
03-01-03-02-02-01-10.wav,1,3,2,2,1,10,1,"[np.int64(1), np.int64(3)]"
03-01-08-01-02-02-10.wav,1,8,1,2,2,10,1,"[np.int64(1), np.int64(8)]"
03-01-02-02-01-02-10.wav,1,2,2,1,2,10,1,"[np.int64(1), np.int64(2)]"
03-01-03-02-01-02-10.wav,1,3,2,1,2,10,1,"[np.int64(1), np.int64(3)]"
03-01-02-02-02-02-10.wav,1,2,2,2,2,10,1,"[np.int64(1), np.int64(2)]"
03-01-04-02-02-01-10.wav,1,4,2,2,1,10,1,"[np.int64(1), np.int64(4)]"
03-01-01-01-02-01-10.wav,1,1,1,2,1,10,1,"[np.int64(1), np.int64(1)]"
03-01-06-01-02-01-10.wav,1,6,1,2,1,10,1,"[np.int64(1), np.int64(6)]"
03-01-04-01-02-01-10.wav,1,4,1,2,1,10,1,"[np.int64(1), np.int64(4)]"
03-01-01-01-01-02-10.wav,1,1,1,1,2,10,1,"[np.int64(1), np.int64(1)]"
03-01-05-02-02-01-10.wav,1,5,2,2,1,10,1,"[np.int64(1), np.int64(5)]"
03-01-06-02-02-01-10.wav,1,6,2,2,1,10,1,"[np.int64(1), np.int64(6)]"
03-01-02-01-02-01-10.wav,1,2,1,2,1,10,1,"[np.int64(1), np.int64(2)]"
03-01-05-02-01-01-10.wav,1,5,2,1,1,10,1,"[np.int64(1), np.int64(5)]"
03-01-08-02-02-02-10.wav,1,8,2,2,2,10,1,"[np.int64(1), np.int64(8)]"
03-01-08-01-01-02-10.wav,1,8,1,1,2,10,1,"[np.int64(1), np.int64(8)]"
03-01-03-01-02-01-10.wav,1,3,1,2,1,10,1,"[np.int64(1), np.int64(3)]"
03-01-03-01-01-02-10.wav,1,3,1,1,2,10,1,"[np.int64(1), np.int64(3)]"
03-01-02-01-02-02-10.wav,1,2,1,2,2,10,1,"[np.int64(1), np.int64(2)]"
03-01-05-01-01-02-10.wav,1,5,1,1,2,10,1,"[np.int64(1), np.int64(5)]"
03-01-02-01-01-01-10.wav,1,2,1,1,1,10,1,"[np.int64(1), np.int64(2)]"
03-01-07-01-02-01-10.wav,1,7,1,2,1,10,1,"[np.int64(1), np.int64(7)]"
03-01-08-01-01-01-10.wav,1,8,1,1,1,10,1,"[np.int64(1), np.int64(8)]"
03-01-07-02-02-02-12.wav,1,7,2,2,2,12,1,"[np.int64(1), np.int64(7)]"
03-01-01-01-01-01-12.wav,1,1,1,1,1,12,1,"[np.int64(1), np.int64(1)]"
03-01-05-01-01-01-12.wav,1,5,1,1,1,12,1,"[np.int64(1), np.int64(5)]"
03-01-03-01-01-02-12.wav,1,3,1,1,2,12,1,"[np.int64(1), np.int64(3)]"
03-01-06-02-02-01-12.wav,1,6,2,2,1,12,1,"[np.int64(1), np.int64(6)]"
03-01-07-02-01-01-12.wav,1,7,2,1,1,12,1,"[np.int64(1), np.int64(7)]"
03-01-02-01-01-02-12.wav,1,2,1,1,2,12,1,"[np.int64(1), np.int64(2)]"
03-01-08-01-01-01-12.wav,1,8,1,1,1,12,1,"[np.int64(1), np.int64(8)]"
03-01-06-02-02-02-12.wav,1,6,2,2,2,12,1,"[np.int64(1), np.int64(6)]"
03-01-06-01-01-02-12.wav,1,6,1,1,2,12,1,"[np.int64(1), np.int64(6)]"
03-01-04-02-02-02-12.wav,1,4,2,2,2,12,1,"[np.int64(1), np.int64(4)]"
03-01-03-01-01-01-12.wav,1,3,1,1,1,12,1,"[np.int64(1), np.int64(3)]"
03-01-03-02-01-01-12.wav,1,3,2,1,1,12,1,"[np.int64(1), np.int64(3)]"
03-01-07-01-02-02-12.wav,1,7,1,2,2,12,1,"[np.int64(1), np.int64(7)]"
03-01-03-02-02-02-12.wav,1,3,2,2,2,12,1,"[np.int64(1), np.int64(3)]"
03-01-01-01-02-01-12.wav,1,1,1,2,1,12,1,"[np.int64(1), np.int64(1)]"
03-01-07-01-02-01-12.wav,1,7,1,2,1,12,1,"[np.int64(1), np.int64(7)]"
03-01-02-02-01-01-12.wav,1,2,2,1,1,12,1,"[np.int64(1), np.int64(2)]"
03-01-04-01-02-01-12.wav,1,4,1,2,1,12,1,"[np.int64(1), np.int64(4)]"
03-01-08-02-01-01-12.wav,1,8,2,1,1,12,1,"[np.int64(1), np.int64(8)]"
03-01-03-02-02-01-12.wav,1,3,2,2,1,12,1,"[np.int64(1), np.int64(3)]"
03-01-07-02-01-02-12.wav,1,7,2,1,2,12,1,"[np.int64(1), np.int64(7)]"
03-01-05-01-01-02-12.wav,1,5,1,1,2,12,1,"[np.int64(1), np.int64(5)]"
03-01-05-01-02-01-12.wav,1,5,1,2,1,12,1,"[np.int64(1), np.int64(5)]"
03-01-02-01-02-02-12.wav,1,2,1,2,2,12,1,"[np.int64(1), np.int64(2)]"
03-01-02-02-02-02-12.wav,1,2,2,2,2,12,1,"[np.int64(1), np.int64(2)]"
03-01-04-02-01-01-12.wav,1,4,2,1,1,12,1,"[np.int64(1), np.int64(4)]"
03-01-08-01-02-01-12.wav,1,8,1,2,1,12,1,"[np.int64(1), np.int64(8)]"
03-01-03-02-01-02-12.wav,1,3,2,1,2,12,1,"[np.int64(1), np.int64(3)]"
03-01-08-01-02-02-12.wav,1,8,1,2,2,12,1,"[np.int64(1), np.int64(8)]"
03-01-08-02-02-02-12.wav,1,8,2,2,2,12,1,"[np.int64(1), np.int64(8)]"
03-01-05-02-01-02-12.wav,1,5,2,1,2,12,1,"[np.int64(1), np.int64(5)]"
03-01-01-01-02-02-12.wav,1,1,1,2,2,12,1,"[np.int64(1), np.int64(1)]"
03-01-07-01-01-01-12.wav,1,7,1,1,1,12,1,"[np.int64(1), np.int64(7)]"
03-01-04-01-02-02-12.wav,1,4,1,2,2,12,1,"[np.int64(1), np.int64(4)]"
03-01-05-02-01-01-12.wav,1,5,2,1,1,12,1,"[np.int64(1), np.int64(5)]"
03-01-04-01-01-02-12.wav,1,4,1,1,2,12,1,"[np.int64(1), np.int64(4)]"
03-01-02-01-02-01-12.wav,1,2,1,2,1,12,1,"[np.int64(1), np.int64(2)]"
03-01-06-01-01-01-12.wav,1,6,1,1,1,12,1,"[np.int64(1), np.int64(6)]"
03-01-02-01-01-01-12.wav,1,2,1,1,1,12,1,"[np.int64(1), np.int64(2)]"
03-01-06-02-01-01-12.wav,1,6,2,1,1,12,1,"[np.int64(1), np.int64(6)]"
03-01-04-02-01-02-12.wav,1,4,2,1,2,12,1,"[np.int64(1), np.int64(4)]"
03-01-04-01-01-01-12.wav,1,4,1,1,1,12,1,"[np.int64(1), np.int64(4)]"
03-01-08-01-01-02-12.wav,1,8,1,1,2,12,1,"[np.int64(1), np.int64(8)]"
03-01-05-02-02-02-12.wav,1,5,2,2,2,12,1,"[np.int64(1), np.int64(5)]"
03-01-03-01-02-01-12.wav,1,3,1,2,1,12,1,"[np.int64(1), np.int64(3)]"
03-01-08-02-01-02-12.wav,1,8,2,1,2,12,1,"[np.int64(1), np.int64(8)]"
03-01-02-02-02-01-12.wav,1,2,2,2,1,12,1,"[np.int64(1), np.int64(2)]"
03-01-01-01-01-02-12.wav,1,1,1,1,2,12,1,"[np.int64(1), np.int64(1)]"
03-01-05-01-02-02-12.wav,1,5,1,2,2,12,1,"[np.int64(1), np.int64(5)]"
03-01-08-02-02-01-12.wav,1,8,2,2,1,12,1,"[np.int64(1), np.int64(8)]"
03-01-03-01-02-02-12.wav,1,3,1,2,2,12,1,"[np.int64(1), np.int64(3)]"
03-01-06-01-02-02-12.wav,1,6,1,2,2,12,1,"[np.int64(1), np.int64(6)]"
03-01-06-02-01-02-12.wav,1,6,2,1,2,12,1,"[np.int64(1), np.int64(6)]"
03-01-02-02-01-02-12.wav,1,2,2,1,2,12,1,"[np.int64(1), np.int64(2)]"
03-01-06-01-02-01-12.wav,1,6,1,2,1,12,1,"[np.int64(1), np.int64(6)]"
03-01-04-02-02-01-12.wav,1,4,2,2,1,12,1,"[np.int64(1), np.int64(4)]"
03-01-07-01-01-02-12.wav,1,7,1,1,2,12,1,"[np.int64(1), np.int64(7)]"
03-01-07-02-02-01-12.wav,1,7,2,2,1,12,1,"[np.int64(1), np.int64(7)]"
03-01-05-02-02-01-12.wav,1,5,2,2,1,12,1,"[np.int64(1), np.int64(5)]"
03-01-06-02-01-02-03.wav,1,6,2,1,2,3,0,"[np.int64(0), np.int64(6)]"
03-01-07-01-02-01-03.wav,1,7,1,2,1,3,0,"[np.int64(0), np.int64(7)]"
03-01-05-02-01-02-03.wav,1,5,2,1,2,3,0,"[np.int64(0), np.int64(5)]"
03-01-05-02-02-01-03.wav,1,5,2,2,1,3,0,"[np.int64(0), np.int64(5)]"
03-01-02-01-02-02-03.wav,1,2,1,2,2,3,0,"[np.int64(0), np.int64(2)]"
03-01-02-01-01-01-03.wav,1,2,1,1,1,3,0,"[np.int64(0), np.int64(2)]"
03-01-06-01-02-02-03.wav,1,6,1,2,2,3,0,"[np.int64(0), np.int64(6)]"
03-01-07-02-02-01-03.wav,1,7,2,2,1,3,0,"[np.int64(0), np.int64(7)]"
03-01-03-02-02-01-03.wav,1,3,2,2,1,3,0,"[np.int64(0), np.int64(3)]"
03-01-08-01-01-01-03.wav,1,8,1,1,1,3,0,"[np.int64(0), np.int64(8)]"
03-01-04-01-01-01-03.wav,1,4,1,1,1,3,0,"[np.int64(0), np.int64(4)]"
03-01-04-01-01-02-03.wav,1,4,1,1,2,3,0,"[np.int64(0), np.int64(4)]"
03-01-04-02-01-01-03.wav,1,4,2,1,1,3,0,"[np.int64(0), np.int64(4)]"
03-01-06-01-01-02-03.wav,1,6,1,1,2,3,0,"[np.int64(0), np.int64(6)]"
03-01-05-01-01-02-03.wav,1,5,1,1,2,3,0,"[np.int64(0), np.int64(5)]"
03-01-08-01-01-02-03.wav,1,8,1,1,2,3,0,"[np.int64(0), np.int64(8)]"
03-01-04-02-02-02-03.wav,1,4,2,2,2,3,0,"[np.int64(0), np.int64(4)]"
03-01-07-01-01-01-03.wav,1,7,1,1,1,3,0,"[np.int64(0), np.int64(7)]"
03-01-04-01-02-01-03.wav,1,4,1,2,1,3,0,"[np.int64(0), np.int64(4)]"
03-01-04-02-01-02-03.wav,1,4,2,1,2,3,0,"[np.int64(0), np.int64(4)]"
03-01-07-02-01-02-03.wav,1,7,2,1,2,3,0,"[np.int64(0), np.int64(7)]"
03-01-01-01-01-02-03.wav,1,1,1,1,2,3,0,"[np.int64(0), np.int64(1)]"
03-01-08-01-02-01-03.wav,1,8,1,2,1,3,0,"[np.int64(0), np.int64(8)]"
03-01-08-02-02-01-03.wav,1,8,2,2,1,3,0,"[np.int64(0), np.int64(8)]"
03-01-03-01-01-01-03.wav,1,3,1,1,1,3,0,"[np.int64(0), np.int64(3)]"
03-01-05-02-02-02-03.wav,1,5,2,2,2,3,0,"[np.int64(0), np.int64(5)]"
03-01-08-02-01-02-03.wav,1,8,2,1,2,3,0,"[np.int64(0), np.int64(8)]"
03-01-05-01-02-02-03.wav,1,5,1,2,2,3,0,"[np.int64(0), np.int64(5)]"
03-01-03-02-01-01-03.wav,1,3,2,1,1,3,0,"[np.int64(0), np.int64(3)]"
03-01-08-02-02-02-03.wav,1,8,2,2,2,3,0,"[np.int64(0), np.int64(8)]"
03-01-02-02-02-02-03.wav,1,2,2,2,2,3,0,"[np.int64(0), np.int64(2)]"
03-01-08-01-02-02-03.wav,1,8,1,2,2,3,0,"[np.int64(0), np.int64(8)]"
03-01-01-01-02-01-03.wav,1,1,1,2,1,3,0,"[np.int64(0), np.int64(1)]"
03-01-06-02-02-01-03.wav,1,6,2,2,1,3,0,"[np.int64(0), np.int64(6)]"
03-01-07-01-01-02-03.wav,1,7,1,1,2,3,0,"[np.int64(0), np.int64(7)]"
03-01-02-02-02-01-03.wav,1,2,2,2,1,3,0,"[np.int64(0), np.int64(2)]"
03-01-07-02-02-02-03.wav,1,7,2,2,2,3,0,"[np.int64(0), np.int64(7)]"
03-01-06-02-02-02-03.wav,1,6,2,2,2,3,0,"[np.int64(0), np.int64(6)]"
03-01-01-01-02-02-03.wav,1,1,1,2,2,3,0,"[np.int64(0), np.int64(1)]"
03-01-07-01-02-02-03.wav,1,7,1,2,2,3,0,"[np.int64(0), np.int64(7)]"
03-01-07-02-01-01-03.wav,1,7,2,1,1,3,0,"[np.int64(0), np.int64(7)]"
03-01-06-02-01-01-03.wav,1,6,2,1,1,3,0,"[np.int64(0), np.int64(6)]"
03-01-02-01-01-02-03.wav,1,2,1,1,2,3,0,"[np.int64(0), np.int64(2)]"
03-01-05-02-01-01-03.wav,1,5,2,1,1,3,0,"[np.int64(0), np.int64(5)]"
03-01-03-01-02-02-03.wav,1,3,1,2,2,3,0,"[np.int64(0), np.int64(3)]"
03-01-03-02-02-02-03.wav,1,3,2,2,2,3,0,"[np.int64(0), np.int64(3)]"
03-01-06-01-01-01-03.wav,1,6,1,1,1,3,0,"[np.int64(0), np.int64(6)]"
03-01-06-01-02-01-03.wav,1,6,1,2,1,3,0,"[np.int64(0), np.int64(6)]"
03-01-08-02-01-01-03.wav,1,8,2,1,1,3,0,"[np.int64(0), np.int64(8)]"
03-01-01-01-01-01-03.wav,1,1,1,1,1,3,0,"[np.int64(0), np.int64(1)]"
03-01-05-01-02-01-03.wav,1,5,1,2,1,3,0,"[np.int64(0), np.int64(5)]"
03-01-02-02-01-02-03.wav,1,2,2,1,2,3,0,"[np.int64(0), np.int64(2)]"
03-01-03-01-01-02-03.wav,1,3,1,1,2,3,0,"[np.int64(0), np.int64(3)]"
03-01-02-01-02-01-03.wav,1,2,1,2,1,3,0,"[np.int64(0), np.int64(2)]"
03-01-04-01-02-02-03.wav,1,4,1,2,2,3,0,"[np.int64(0), np.int64(4)]"
03-01-03-02-01-02-03.wav,1,3,2,1,2,3,0,"[np.int64(0), np.int64(3)]"
03-01-05-01-01-01-03.wav,1,5,1,1,1,3,0,"[np.int64(0), np.int64(5)]"
03-01-04-02-02-01-03.wav,1,4,2,2,1,3,0,"[np.int64(0), np.int64(4)]"
03-01-02-02-01-01-03.wav,1,2,2,1,1,3,0,"[np.int64(0), np.int64(2)]"
03-01-03-01-02-01-03.wav,1,3,1,2,1,3,0,"[np.int64(0), np.int64(3)]"
03-01-07-02-01-01-02.wav,1,7,2,1,1,2,1,"[np.int64(1), np.int64(7)]"
03-01-06-01-01-02-02.wav,1,6,1,1,2,2,1,"[np.int64(1), np.int64(6)]"
03-01-06-02-02-01-02.wav,1,6,2,2,1,2,1,"[np.int64(1), np.int64(6)]"
03-01-01-01-02-02-02.wav,1,1,1,2,2,2,1,"[np.int64(1), np.int64(1)]"
03-01-02-02-01-02-02.wav,1,2,2,1,2,2,1,"[np.int64(1), np.int64(2)]"
03-01-07-02-02-02-02.wav,1,7,2,2,2,2,1,"[np.int64(1), np.int64(7)]"
03-01-03-02-02-02-02.wav,1,3,2,2,2,2,1,"[np.int64(1), np.int64(3)]"
03-01-07-01-01-02-02.wav,1,7,1,1,2,2,1,"[np.int64(1), np.int64(7)]"
03-01-07-02-02-01-02.wav,1,7,2,2,1,2,1,"[np.int64(1), np.int64(7)]"
03-01-02-02-02-01-02.wav,1,2,2,2,1,2,1,"[np.int64(1), np.int64(2)]"
03-01-05-02-02-02-02.wav,1,5,2,2,2,2,1,"[np.int64(1), np.int64(5)]"
03-01-07-02-01-02-02.wav,1,7,2,1,2,2,1,"[np.int64(1), np.int64(7)]"
03-01-04-02-02-01-02.wav,1,4,2,2,1,2,1,"[np.int64(1), np.int64(4)]"
03-01-02-02-02-02-02.wav,1,2,2,2,2,2,1,"[np.int64(1), np.int64(2)]"
03-01-04-02-01-02-02.wav,1,4,2,1,2,2,1,"[np.int64(1), np.int64(4)]"
03-01-05-01-02-01-02.wav,1,5,1,2,1,2,1,"[np.int64(1), np.int64(5)]"
03-01-08-01-02-01-02.wav,1,8,1,2,1,2,1,"[np.int64(1), np.int64(8)]"
03-01-01-01-01-01-02.wav,1,1,1,1,1,2,1,"[np.int64(1), np.int64(1)]"
03-01-02-01-01-01-02.wav,1,2,1,1,1,2,1,"[np.int64(1), np.int64(2)]"
03-01-07-01-02-02-02.wav,1,7,1,2,2,2,1,"[np.int64(1), np.int64(7)]"
03-01-03-02-01-02-02.wav,1,3,2,1,2,2,1,"[np.int64(1), np.int64(3)]"
03-01-04-01-02-01-02.wav,1,4,1,2,1,2,1,"[np.int64(1), np.int64(4)]"
03-01-08-01-01-01-02.wav,1,8,1,1,1,2,1,"[np.int64(1), np.int64(8)]"
03-01-04-01-01-01-02.wav,1,4,1,1,1,2,1,"[np.int64(1), np.int64(4)]"
03-01-06-01-02-01-02.wav,1,6,1,2,1,2,1,"[np.int64(1), np.int64(6)]"
03-01-07-01-01-01-02.wav,1,7,1,1,1,2,1,"[np.int64(1), np.int64(7)]"
03-01-02-02-01-01-02.wav,1,2,2,1,1,2,1,"[np.int64(1), np.int64(2)]"
03-01-05-01-01-02-02.wav,1,5,1,1,2,2,1,"[np.int64(1), np.int64(5)]"
03-01-05-02-01-01-02.wav,1,5,2,1,1,2,1,"[np.int64(1), np.int64(5)]"
03-01-04-01-02-02-02.wav,1,4,1,2,2,2,1,"[np.int64(1), np.int64(4)]"
03-01-01-01-01-02-02.wav,1,1,1,1,2,2,1,"[np.int64(1), np.int64(1)]"
03-01-03-02-01-01-02.wav,1,3,2,1,1,2,1,"[np.int64(1), np.int64(3)]"
03-01-02-01-02-02-02.wav,1,2,1,2,2,2,1,"[np.int64(1), np.int64(2)]"
03-01-08-02-02-02-02.wav,1,8,2,2,2,2,1,"[np.int64(1), np.int64(8)]"
03-01-03-01-01-01-02.wav,1,3,1,1,1,2,1,"[np.int64(1), np.int64(3)]"
03-01-05-01-02-02-02.wav,1,5,1,2,2,2,1,"[np.int64(1), np.int64(5)]"
03-01-07-01-02-01-02.wav,1,7,1,2,1,2,1,"[np.int64(1), np.int64(7)]"
03-01-06-01-02-02-02.wav,1,6,1,2,2,2,1,"[np.int64(1), np.int64(6)]"
03-01-06-02-02-02-02.wav,1,6,2,2,2,2,1,"[np.int64(1), np.int64(6)]"
03-01-04-01-01-02-02.wav,1,4,1,1,2,2,1,"[np.int64(1), np.int64(4)]"
03-01-06-02-01-01-02.wav,1,6,2,1,1,2,1,"[np.int64(1), np.int64(6)]"
03-01-02-01-01-02-02.wav,1,2,1,1,2,2,1,"[np.int64(1), np.int64(2)]"
03-01-03-01-01-02-02.wav,1,3,1,1,2,2,1,"[np.int64(1), np.int64(3)]"
03-01-08-01-01-02-02.wav,1,8,1,1,2,2,1,"[np.int64(1), np.int64(8)]"
03-01-04-02-01-01-02.wav,1,4,2,1,1,2,1,"[np.int64(1), np.int64(4)]"
03-01-01-01-02-01-02.wav,1,1,1,2,1,2,1,"[np.int64(1), np.int64(1)]"
03-01-08-02-01-01-02.wav,1,8,2,1,1,2,1,"[np.int64(1), np.int64(8)]"
03-01-08-02-02-01-02.wav,1,8,2,2,1,2,1,"[np.int64(1), np.int64(8)]"
03-01-03-02-02-01-02.wav,1,3,2,2,1,2,1,"[np.int64(1), np.int64(3)]"
03-01-05-01-01-01-02.wav,1,5,1,1,1,2,1,"[np.int64(1), np.int64(5)]"
03-01-02-01-02-01-02.wav,1,2,1,2,1,2,1,"[np.int64(1), np.int64(2)]"
03-01-06-02-01-02-02.wav,1,6,2,1,2,2,1,"[np.int64(1), np.int64(6)]"
03-01-04-02-02-02-02.wav,1,4,2,2,2,2,1,"[np.int64(1), np.int64(4)]"
03-01-05-02-02-01-02.wav,1,5,2,2,1,2,1,"[np.int64(1), np.int64(5)]"
03-01-03-01-02-02-02.wav,1,3,1,2,2,2,1,"[np.int64(1), np.int64(3)]"
03-01-03-01-02-01-02.wav,1,3,1,2,1,2,1,"[np.int64(1), np.int64(3)]"
03-01-08-02-01-02-02.wav,1,8,2,1,2,2,1,"[np.int64(1), np.int64(8)]"
03-01-08-01-02-02-02.wav,1,8,1,2,2,2,1,"[np.int64(1), np.int64(8)]"
03-01-06-01-01-01-02.wav,1,6,1,1,1,2,1,"[np.int64(1), np.int64(6)]"
03-01-05-02-01-02-02.wav,1,5,2,1,2,2,1,"[np.int64(1), np.int64(5)]"
03-01-05-02-02-01-15.wav,1,5,2,2,1,15,0,"[np.int64(0), np.int64(5)]"
03-01-01-01-02-02-15.wav,1,1,1,2,2,15,0,"[np.int64(0), np.int64(1)]"
03-01-04-01-01-01-15.wav,1,4,1,1,1,15,0,"[np.int64(0), np.int64(4)]"
03-01-02-02-02-01-15.wav,1,2,2,2,1,15,0,"[np.int64(0), np.int64(2)]"
03-01-03-02-01-02-15.wav,1,3,2,1,2,15,0,"[np.int64(0), np.int64(3)]"
03-01-02-02-01-02-15.wav,1,2,2,1,2,15,0,"[np.int64(0), np.int64(2)]"
03-01-02-01-01-01-15.wav,1,2,1,1,1,15,0,"[np.int64(0), np.int64(2)]"
03-01-05-01-02-01-15.wav,1,5,1,2,1,15,0,"[np.int64(0), np.int64(5)]"
03-01-07-02-01-01-15.wav,1,7,2,1,1,15,0,"[np.int64(0), np.int64(7)]"
03-01-04-02-02-02-15.wav,1,4,2,2,2,15,0,"[np.int64(0), np.int64(4)]"
03-01-08-02-01-01-15.wav,1,8,2,1,1,15,0,"[np.int64(0), np.int64(8)]"
03-01-08-01-02-01-15.wav,1,8,1,2,1,15,0,"[np.int64(0), np.int64(8)]"
03-01-08-01-01-02-15.wav,1,8,1,1,2,15,0,"[np.int64(0), np.int64(8)]"
03-01-06-01-01-01-15.wav,1,6,1,1,1,15,0,"[np.int64(0), np.int64(6)]"
03-01-02-01-02-02-15.wav,1,2,1,2,2,15,0,"[np.int64(0), np.int64(2)]"
03-01-02-01-01-02-15.wav,1,2,1,1,2,15,0,"[np.int64(0), np.int64(2)]"
03-01-07-01-01-01-15.wav,1,7,1,1,1,15,0,"[np.int64(0), np.int64(7)]"
03-01-07-01-01-02-15.wav,1,7,1,1,2,15,0,"[np.int64(0), np.int64(7)]"
03-01-03-02-02-01-15.wav,1,3,2,2,1,15,0,"[np.int64(0), np.int64(3)]"
03-01-03-02-01-01-15.wav,1,3,2,1,1,15,0,"[np.int64(0), np.int64(3)]"
03-01-07-01-02-02-15.wav,1,7,1,2,2,15,0,"[np.int64(0), np.int64(7)]"
03-01-02-02-02-02-15.wav,1,2,2,2,2,15,0,"[np.int64(0), np.int64(2)]"
03-01-04-02-01-01-15.wav,1,4,2,1,1,15,0,"[np.int64(0), np.int64(4)]"
03-01-06-02-01-01-15.wav,1,6,2,1,1,15,0,"[np.int64(0), np.int64(6)]"
03-01-05-02-01-02-15.wav,1,5,2,1,2,15,0,"[np.int64(0), np.int64(5)]"
03-01-03-01-02-01-15.wav,1,3,1,2,1,15,0,"[np.int64(0), np.int64(3)]"
03-01-08-01-02-02-15.wav,1,8,1,2,2,15,0,"[np.int64(0), np.int64(8)]"
03-01-05-01-01-01-15.wav,1,5,1,1,1,15,0,"[np.int64(0), np.int64(5)]"
03-01-04-02-02-01-15.wav,1,4,2,2,1,15,0,"[np.int64(0), np.int64(4)]"
03-01-06-01-02-01-15.wav,1,6,1,2,1,15,0,"[np.int64(0), np.int64(6)]"
03-01-05-01-02-02-15.wav,1,5,1,2,2,15,0,"[np.int64(0), np.int64(5)]"
03-01-03-01-02-02-15.wav,1,3,1,2,2,15,0,"[np.int64(0), np.int64(3)]"
03-01-04-01-01-02-15.wav,1,4,1,1,2,15,0,"[np.int64(0), np.int64(4)]"
03-01-03-01-01-02-15.wav,1,3,1,1,2,15,0,"[np.int64(0), np.int64(3)]"
03-01-03-01-01-01-15.wav,1,3,1,1,1,15,0,"[np.int64(0), np.int64(3)]"
03-01-07-02-02-02-15.wav,1,7,2,2,2,15,0,"[np.int64(0), np.int64(7)]"
03-01-07-02-02-01-15.wav,1,7,2,2,1,15,0,"[np.int64(0), np.int64(7)]"
03-01-02-02-01-01-15.wav,1,2,2,1,1,15,0,"[np.int64(0), np.int64(2)]"
03-01-05-02-02-02-15.wav,1,5,2,2,2,15,0,"[np.int64(0), np.int64(5)]"
03-01-08-02-01-02-15.wav,1,8,2,1,2,15,0,"[np.int64(0), np.int64(8)]"
03-01-06-01-02-02-15.wav,1,6,1,2,2,15,0,"[np.int64(0), np.int64(6)]"
03-01-05-02-01-01-15.wav,1,5,2,1,1,15,0,"[np.int64(0), np.int64(5)]"
03-01-04-01-02-01-15.wav,1,4,1,2,1,15,0,"[np.int64(0), np.int64(4)]"
03-01-04-01-02-02-15.wav,1,4,1,2,2,15,0,"[np.int64(0), np.int64(4)]"
03-01-01-01-02-01-15.wav,1,1,1,2,1,15,0,"[np.int64(0), np.int64(1)]"
03-01-06-02-02-02-15.wav,1,6,2,2,2,15,0,"[np.int64(0), np.int64(6)]"
03-01-06-02-02-01-15.wav,1,6,2,2,1,15,0,"[np.int64(0), np.int64(6)]"
03-01-01-01-01-01-15.wav,1,1,1,1,1,15,0,"[np.int64(0), np.int64(1)]"
03-01-01-01-01-02-15.wav,1,1,1,1,2,15,0,"[np.int64(0), np.int64(1)]"
03-01-04-02-01-02-15.wav,1,4,2,1,2,15,0,"[np.int64(0), np.int64(4)]"
03-01-08-01-01-01-15.wav,1,8,1,1,1,15,0,"[np.int64(0), np.int64(8)]"
03-01-07-02-01-02-15.wav,1,7,2,1,2,15,0,"[np.int64(0), np.int64(7)]"
03-01-08-02-02-02-15.wav,1,8,2,2,2,15,0,"[np.int64(0), np.int64(8)]"
03-01-08-02-02-01-15.wav,1,8,2,2,1,15,0,"[np.int64(0), np.int64(8)]"
03-01-07-01-02-01-15.wav,1,7,1,2,1,15,0,"[np.int64(0), np.int64(7)]"
03-01-03-02-02-02-15.wav,1,3,2,2,2,15,0,"[np.int64(0), np.int64(3)]"
03-01-02-01-02-01-15.wav,1,2,1,2,1,15,0,"[np.int64(0), np.int64(2)]"
03-01-06-01-01-02-15.wav,1,6,1,1,2,15,0,"[np.int64(0), np.int64(6)]"
03-01-06-02-01-02-15.wav,1,6,2,1,2,15,0,"[np.int64(0), np.int64(6)]"
03-01-05-01-01-02-15.wav,1,5,1,1,2,15,0,"[np.int64(0), np.int64(5)]"
03-01-02-01-01-02-09.wav,1,2,1,1,2,9,0,"[np.int64(0), np.int64(2)]"
03-01-02-02-02-01-09.wav,1,2,2,2,1,9,0,"[np.int64(0), np.int64(2)]"
03-01-03-02-02-02-09.wav,1,3,2,2,2,9,0,"[np.int64(0), np.int64(3)]"
03-01-02-02-01-01-09.wav,1,2,2,1,1,9,0,"[np.int64(0), np.int64(2)]"
03-01-08-02-02-01-09.wav,1,8,2,2,1,9,0,"[np.int64(0), np.int64(8)]"
03-01-04-02-01-01-09.wav,1,4,2,1,1,9,0,"[np.int64(0), np.int64(4)]"
03-01-02-02-02-02-09.wav,1,2,2,2,2,9,0,"[np.int64(0), np.int64(2)]"
03-01-06-02-01-01-09.wav,1,6,2,1,1,9,0,"[np.int64(0), np.int64(6)]"
03-01-02-02-01-02-09.wav,1,2,2,1,2,9,0,"[np.int64(0), np.int64(2)]"
03-01-08-01-01-02-09.wav,1,8,1,1,2,9,0,"[np.int64(0), np.int64(8)]"
03-01-06-01-02-02-09.wav,1,6,1,2,2,9,0,"[np.int64(0), np.int64(6)]"
03-01-05-02-02-01-09.wav,1,5,2,2,1,9,0,"[np.int64(0), np.int64(5)]"
03-01-01-01-02-01-09.wav,1,1,1,2,1,9,0,"[np.int64(0), np.int64(1)]"
03-01-04-01-02-02-09.wav,1,4,1,2,2,9,0,"[np.int64(0), np.int64(4)]"
03-01-03-02-01-02-09.wav,1,3,2,1,2,9,0,"[np.int64(0), np.int64(3)]"
03-01-06-01-01-01-09.wav,1,6,1,1,1,9,0,"[np.int64(0), np.int64(6)]"
03-01-03-02-01-01-09.wav,1,3,2,1,1,9,0,"[np.int64(0), np.int64(3)]"
03-01-08-01-02-01-09.wav,1,8,1,2,1,9,0,"[np.int64(0), np.int64(8)]"
03-01-07-01-02-02-09.wav,1,7,1,2,2,9,0,"[np.int64(0), np.int64(7)]"
03-01-03-01-02-01-09.wav,1,3,1,2,1,9,0,"[np.int64(0), np.int64(3)]"
03-01-05-01-02-01-09.wav,1,5,1,2,1,9,0,"[np.int64(0), np.int64(5)]"
03-01-05-02-01-01-09.wav,1,5,2,1,1,9,0,"[np.int64(0), np.int64(5)]"
03-01-03-01-02-02-09.wav,1,3,1,2,2,9,0,"[np.int64(0), np.int64(3)]"
03-01-08-02-01-01-09.wav,1,8,2,1,1,9,0,"[np.int64(0), np.int64(8)]"
03-01-06-01-02-01-09.wav,1,6,1,2,1,9,0,"[np.int64(0), np.int64(6)]"
03-01-03-01-01-02-09.wav,1,3,1,1,2,9,0,"[np.int64(0), np.int64(3)]"
03-01-07-02-02-02-09.wav,1,7,2,2,2,9,0,"[np.int64(0), np.int64(7)]"
03-01-04-02-01-02-09.wav,1,4,2,1,2,9,0,"[np.int64(0), np.int64(4)]"
03-01-02-01-02-01-09.wav,1,2,1,2,1,9,0,"[np.int64(0), np.int64(2)]"
03-01-06-02-01-02-09.wav,1,6,2,1,2,9,0,"[np.int64(0), np.int64(6)]"
03-01-07-02-01-01-09.wav,1,7,2,1,1,9,0,"[np.int64(0), np.int64(7)]"
03-01-08-01-01-01-09.wav,1,8,1,1,1,9,0,"[np.int64(0), np.int64(8)]"
03-01-05-01-01-02-09.wav,1,5,1,1,2,9,0,"[np.int64(0), np.int64(5)]"
03-01-06-02-02-01-09.wav,1,6,2,2,1,9,0,"[np.int64(0), np.int64(6)]"
03-01-02-01-02-02-09.wav,1,2,1,2,2,9,0,"[np.int64(0), np.int64(2)]"
03-01-08-01-02-02-09.wav,1,8,1,2,2,9,0,"[np.int64(0), np.int64(8)]"
03-01-08-02-01-02-09.wav,1,8,2,1,2,9,0,"[np.int64(0), np.int64(8)]"
03-01-03-02-02-01-09.wav,1,3,2,2,1,9,0,"[np.int64(0), np.int64(3)]"
03-01-01-01-01-02-09.wav,1,1,1,1,2,9,0,"[np.int64(0), np.int64(1)]"
03-01-01-01-02-02-09.wav,1,1,1,2,2,9,0,"[np.int64(0), np.int64(1)]"
03-01-04-01-01-02-09.wav,1,4,1,1,2,9,0,"[np.int64(0), np.int64(4)]"
03-01-04-02-02-02-09.wav,1,4,2,2,2,9,0,"[np.int64(0), np.int64(4)]"
03-01-07-01-01-01-09.wav,1,7,1,1,1,9,0,"[np.int64(0), np.int64(7)]"
03-01-05-02-02-02-09.wav,1,5,2,2,2,9,0,"[np.int64(0), np.int64(5)]"
03-01-04-01-02-01-09.wav,1,4,1,2,1,9,0,"[np.int64(0), np.int64(4)]"
03-01-03-01-01-01-09.wav,1,3,1,1,1,9,0,"[np.int64(0), np.int64(3)]"
03-01-07-02-01-02-09.wav,1,7,2,1,2,9,0,"[np.int64(0), np.int64(7)]"
03-01-07-01-01-02-09.wav,1,7,1,1,2,9,0,"[np.int64(0), np.int64(7)]"
03-01-05-02-01-02-09.wav,1,5,2,1,2,9,0,"[np.int64(0), np.int64(5)]"
03-01-02-01-01-01-09.wav,1,2,1,1,1,9,0,"[np.int64(0), np.int64(2)]"
03-01-07-01-02-01-09.wav,1,7,1,2,1,9,0,"[np.int64(0), np.int64(7)]"
03-01-06-01-01-02-09.wav,1,6,1,1,2,9,0,"[np.int64(0), np.int64(6)]"
03-01-05-01-02-02-09.wav,1,5,1,2,2,9,0,"[np.int64(0), np.int64(5)]"
03-01-07-02-02-01-09.wav,1,7,2,2,1,9,0,"[np.int64(0), np.int64(7)]"
03-01-06-02-02-02-09.wav,1,6,2,2,2,9,0,"[np.int64(0), np.int64(6)]"
03-01-04-01-01-01-09.wav,1,4,1,1,1,9,0,"[np.int64(0), np.int64(4)]"
03-01-05-01-01-01-09.wav,1,5,1,1,1,9,0,"[np.int64(0), np.int64(5)]"
03-01-08-02-02-02-09.wav,1,8,2,2,2,9,0,"[np.int64(0), np.int64(8)]"
03-01-04-02-02-01-09.wav,1,4,2,2,1,9,0,"[np.int64(0), np.int64(4)]"
03-01-01-01-01-01-09.wav,1,1,1,1,1,9,0,"[np.int64(0), np.int64(1)]"
03-01-03-02-02-02-23.wav,1,3,2,2,2,23,0,"[np.int64(0), np.int64(3)]"
03-01-06-01-02-02-23.wav,1,6,1,2,2,23,0,"[np.int64(0), np.int64(6)]"
03-01-07-02-01-02-23.wav,1,7,2,1,2,23,0,"[np.int64(0), np.int64(7)]"
03-01-05-02-02-02-23.wav,1,5,2,2,2,23,0,"[np.int64(0), np.int64(5)]"
03-01-06-02-01-01-23.wav,1,6,2,1,1,23,0,"[np.int64(0), np.int64(6)]"
03-01-04-01-01-02-23.wav,1,4,1,1,2,23,0,"[np.int64(0), np.int64(4)]"
03-01-08-02-01-01-23.wav,1,8,2,1,1,23,0,"[np.int64(0), np.int64(8)]"
03-01-07-02-02-01-23.wav,1,7,2,2,1,23,0,"[np.int64(0), np.int64(7)]"
03-01-03-01-01-01-23.wav,1,3,1,1,1,23,0,"[np.int64(0), np.int64(3)]"
03-01-02-02-01-02-23.wav,1,2,2,1,2,23,0,"[np.int64(0), np.int64(2)]"
03-01-02-02-02-02-23.wav,1,2,2,2,2,23,0,"[np.int64(0), np.int64(2)]"
03-01-07-01-01-02-23.wav,1,7,1,1,2,23,0,"[np.int64(0), np.int64(7)]"
03-01-08-01-02-01-23.wav,1,8,1,2,1,23,0,"[np.int64(0), np.int64(8)]"
03-01-04-02-01-01-23.wav,1,4,2,1,1,23,0,"[np.int64(0), np.int64(4)]"
03-01-05-02-01-01-23.wav,1,5,2,1,1,23,0,"[np.int64(0), np.int64(5)]"
03-01-08-01-02-02-23.wav,1,8,1,2,2,23,0,"[np.int64(0), np.int64(8)]"
03-01-03-02-02-01-23.wav,1,3,2,2,1,23,0,"[np.int64(0), np.int64(3)]"
03-01-06-01-01-02-23.wav,1,6,1,1,2,23,0,"[np.int64(0), np.int64(6)]"
03-01-01-01-02-02-23.wav,1,1,1,2,2,23,0,"[np.int64(0), np.int64(1)]"
03-01-04-01-02-02-23.wav,1,4,1,2,2,23,0,"[np.int64(0), np.int64(4)]"
03-01-07-01-02-02-23.wav,1,7,1,2,2,23,0,"[np.int64(0), np.int64(7)]"
03-01-08-02-02-02-23.wav,1,8,2,2,2,23,0,"[np.int64(0), np.int64(8)]"
03-01-04-02-02-02-23.wav,1,4,2,2,2,23,0,"[np.int64(0), np.int64(4)]"
03-01-08-02-02-01-23.wav,1,8,2,2,1,23,0,"[np.int64(0), np.int64(8)]"
03-01-05-01-01-02-23.wav,1,5,1,1,2,23,0,"[np.int64(0), np.int64(5)]"
03-01-02-01-01-02-23.wav,1,2,1,1,2,23,0,"[np.int64(0), np.int64(2)]"
03-01-05-02-01-02-23.wav,1,5,2,1,2,23,0,"[np.int64(0), np.int64(5)]"
03-01-01-01-01-01-23.wav,1,1,1,1,1,23,0,"[np.int64(0), np.int64(1)]"
03-01-08-01-01-02-23.wav,1,8,1,1,2,23,0,"[np.int64(0), np.int64(8)]"
03-01-05-01-01-01-23.wav,1,5,1,1,1,23,0,"[np.int64(0), np.int64(5)]"
03-01-02-02-02-01-23.wav,1,2,2,2,1,23,0,"[np.int64(0), np.int64(2)]"
03-01-03-01-02-02-23.wav,1,3,1,2,2,23,0,"[np.int64(0), np.int64(3)]"
03-01-07-01-01-01-23.wav,1,7,1,1,1,23,0,"[np.int64(0), np.int64(7)]"
03-01-02-01-02-02-23.wav,1,2,1,2,2,23,0,"[np.int64(0), np.int64(2)]"
03-01-08-01-01-01-23.wav,1,8,1,1,1,23,0,"[np.int64(0), np.int64(8)]"
03-01-03-02-01-01-23.wav,1,3,2,1,1,23,0,"[np.int64(0), np.int64(3)]"
03-01-01-01-01-02-23.wav,1,1,1,1,2,23,0,"[np.int64(0), np.int64(1)]"
03-01-01-01-02-01-23.wav,1,1,1,2,1,23,0,"[np.int64(0), np.int64(1)]"
03-01-02-01-02-01-23.wav,1,2,1,2,1,23,0,"[np.int64(0), np.int64(2)]"
03-01-06-01-02-01-23.wav,1,6,1,2,1,23,0,"[np.int64(0), np.int64(6)]"
03-01-05-01-02-01-23.wav,1,5,1,2,1,23,0,"[np.int64(0), np.int64(5)]"
03-01-03-01-01-02-23.wav,1,3,1,1,2,23,0,"[np.int64(0), np.int64(3)]"
03-01-02-01-01-01-23.wav,1,2,1,1,1,23,0,"[np.int64(0), np.int64(2)]"
03-01-04-02-02-01-23.wav,1,4,2,2,1,23,0,"[np.int64(0), np.int64(4)]"
03-01-06-02-02-02-23.wav,1,6,2,2,2,23,0,"[np.int64(0), np.int64(6)]"
03-01-08-02-01-02-23.wav,1,8,2,1,2,23,0,"[np.int64(0), np.int64(8)]"
03-01-02-02-01-01-23.wav,1,2,2,1,1,23,0,"[np.int64(0), np.int64(2)]"
03-01-03-02-01-02-23.wav,1,3,2,1,2,23,0,"[np.int64(0), np.int64(3)]"
03-01-06-01-01-01-23.wav,1,6,1,1,1,23,0,"[np.int64(0), np.int64(6)]"
03-01-04-02-01-02-23.wav,1,4,2,1,2,23,0,"[np.int64(0), np.int64(4)]"
03-01-04-01-02-01-23.wav,1,4,1,2,1,23,0,"[np.int64(0), np.int64(4)]"
03-01-03-01-02-01-23.wav,1,3,1,2,1,23,0,"[np.int64(0), np.int64(3)]"
03-01-05-02-02-01-23.wav,1,5,2,2,1,23,0,"[np.int64(0), np.int64(5)]"
03-01-07-02-02-02-23.wav,1,7,2,2,2,23,0,"[np.int64(0), np.int64(7)]"
03-01-05-01-02-02-23.wav,1,5,1,2,2,23,0,"[np.int64(0), np.int64(5)]"
03-01-07-02-01-01-23.wav,1,7,2,1,1,23,0,"[np.int64(0), np.int64(7)]"
03-01-04-01-01-01-23.wav,1,4,1,1,1,23,0,"[np.int64(0), np.int64(4)]"
03-01-06-02-01-02-23.wav,1,6,2,1,2,23,0,"[np.int64(0), np.int64(6)]"
03-01-07-01-02-01-23.wav,1,7,1,2,1,23,0,"[np.int64(0), np.int64(7)]"
03-01-06-02-02-01-23.wav,1,6,2,2,1,23,0,"[np.int64(0), np.int64(6)]"
03-01-06-01-02-01-08.wav,1,6,1,2,1,8,1,"[np.int64(1), np.int64(6)]"
03-01-04-01-01-01-08.wav,1,4,1,1,1,8,1,"[np.int64(1), np.int64(4)]"
03-01-07-02-01-01-08.wav,1,7,2,1,1,8,1,"[np.int64(1), np.int64(7)]"
03-01-03-02-01-02-08.wav,1,3,2,1,2,8,1,"[np.int64(1), np.int64(3)]"
03-01-01-01-02-01-08.wav,1,1,1,2,1,8,1,"[np.int64(1), np.int64(1)]"
03-01-03-02-02-02-08.wav,1,3,2,2,2,8,1,"[np.int64(1), np.int64(3)]"
03-01-05-01-01-01-08.wav,1,5,1,1,1,8,1,"[np.int64(1), np.int64(5)]"
03-01-07-02-01-02-08.wav,1,7,2,1,2,8,1,"[np.int64(1), np.int64(7)]"
03-01-07-01-02-02-08.wav,1,7,1,2,2,8,1,"[np.int64(1), np.int64(7)]"
03-01-08-01-01-01-08.wav,1,8,1,1,1,8,1,"[np.int64(1), np.int64(8)]"
03-01-05-02-01-01-08.wav,1,5,2,1,1,8,1,"[np.int64(1), np.int64(5)]"
03-01-03-01-01-02-08.wav,1,3,1,1,2,8,1,"[np.int64(1), np.int64(3)]"
03-01-03-01-02-01-08.wav,1,3,1,2,1,8,1,"[np.int64(1), np.int64(3)]"
03-01-03-02-02-01-08.wav,1,3,2,2,1,8,1,"[np.int64(1), np.int64(3)]"
03-01-08-01-02-01-08.wav,1,8,1,2,1,8,1,"[np.int64(1), np.int64(8)]"
03-01-08-01-02-02-08.wav,1,8,1,2,2,8,1,"[np.int64(1), np.int64(8)]"
03-01-04-02-01-02-08.wav,1,4,2,1,2,8,1,"[np.int64(1), np.int64(4)]"
03-01-08-02-01-01-08.wav,1,8,2,1,1,8,1,"[np.int64(1), np.int64(8)]"
03-01-02-02-02-02-08.wav,1,2,2,2,2,8,1,"[np.int64(1), np.int64(2)]"
03-01-02-01-02-02-08.wav,1,2,1,2,2,8,1,"[np.int64(1), np.int64(2)]"
03-01-07-01-01-02-08.wav,1,7,1,1,2,8,1,"[np.int64(1), np.int64(7)]"
03-01-05-01-02-02-08.wav,1,5,1,2,2,8,1,"[np.int64(1), np.int64(5)]"
03-01-02-02-01-02-08.wav,1,2,2,1,2,8,1,"[np.int64(1), np.int64(2)]"
03-01-05-02-02-01-08.wav,1,5,2,2,1,8,1,"[np.int64(1), np.int64(5)]"
03-01-03-01-01-01-08.wav,1,3,1,1,1,8,1,"[np.int64(1), np.int64(3)]"
03-01-05-02-01-02-08.wav,1,5,2,1,2,8,1,"[np.int64(1), np.int64(5)]"
03-01-03-01-02-02-08.wav,1,3,1,2,2,8,1,"[np.int64(1), np.int64(3)]"
03-01-04-01-01-02-08.wav,1,4,1,1,2,8,1,"[np.int64(1), np.int64(4)]"
03-01-05-01-02-01-08.wav,1,5,1,2,1,8,1,"[np.int64(1), np.int64(5)]"
03-01-02-02-02-01-08.wav,1,2,2,2,1,8,1,"[np.int64(1), np.int64(2)]"
03-01-07-02-02-01-08.wav,1,7,2,2,1,8,1,"[np.int64(1), np.int64(7)]"
03-01-02-01-01-02-08.wav,1,2,1,1,2,8,1,"[np.int64(1), np.int64(2)]"
03-01-05-02-02-02-08.wav,1,5,2,2,2,8,1,"[np.int64(1), np.int64(5)]"
03-01-08-01-01-02-08.wav,1,8,1,1,2,8,1,"[np.int64(1), np.int64(8)]"
03-01-02-01-02-01-08.wav,1,2,1,2,1,8,1,"[np.int64(1), np.int64(2)]"
03-01-07-01-01-01-08.wav,1,7,1,1,1,8,1,"[np.int64(1), np.int64(7)]"
03-01-06-02-02-02-08.wav,1,6,2,2,2,8,1,"[np.int64(1), np.int64(6)]"
03-01-08-02-01-02-08.wav,1,8,2,1,2,8,1,"[np.int64(1), np.int64(8)]"
03-01-06-02-01-02-08.wav,1,6,2,1,2,8,1,"[np.int64(1), np.int64(6)]"
03-01-06-02-02-01-08.wav,1,6,2,2,1,8,1,"[np.int64(1), np.int64(6)]"
03-01-04-01-02-02-08.wav,1,4,1,2,2,8,1,"[np.int64(1), np.int64(4)]"
03-01-04-02-01-01-08.wav,1,4,2,1,1,8,1,"[np.int64(1), np.int64(4)]"
03-01-01-01-01-01-08.wav,1,1,1,1,1,8,1,"[np.int64(1), np.int64(1)]"
03-01-02-01-01-01-08.wav,1,2,1,1,1,8,1,"[np.int64(1), np.int64(2)]"
03-01-04-02-02-02-08.wav,1,4,2,2,2,8,1,"[np.int64(1), np.int64(4)]"
03-01-03-02-01-01-08.wav,1,3,2,1,1,8,1,"[np.int64(1), np.int64(3)]"
03-01-06-01-01-01-08.wav,1,6,1,1,1,8,1,"[np.int64(1), np.int64(6)]"
03-01-06-01-02-02-08.wav,1,6,1,2,2,8,1,"[np.int64(1), np.int64(6)]"
03-01-01-01-02-02-08.wav,1,1,1,2,2,8,1,"[np.int64(1), np.int64(1)]"
03-01-01-01-01-02-08.wav,1,1,1,1,2,8,1,"[np.int64(1), np.int64(1)]"
03-01-08-02-02-01-08.wav,1,8,2,2,1,8,1,"[np.int64(1), np.int64(8)]"
03-01-02-02-01-01-08.wav,1,2,2,1,1,8,1,"[np.int64(1), np.int64(2)]"
03-01-07-01-02-01-08.wav,1,7,1,2,1,8,1,"[np.int64(1), np.int64(7)]"
03-01-04-02-02-01-08.wav,1,4,2,2,1,8,1,"[np.int64(1), np.int64(4)]"
03-01-04-01-02-01-08.wav,1,4,1,2,1,8,1,"[np.int64(1), np.int64(4)]"
03-01-08-02-02-02-08.wav,1,8,2,2,2,8,1,"[np.int64(1), np.int64(8)]"
03-01-06-02-01-01-08.wav,1,6,2,1,1,8,1,"[np.int64(1), np.int64(6)]"
03-01-06-01-01-02-08.wav,1,6,1,1,2,8,1,"[np.int64(1), np.int64(6)]"
03-01-05-01-01-02-08.wav,1,5,1,1,2,8,1,"[np.int64(1), np.int64(5)]"
03-01-07-02-02-02-08.wav,1,7,2,2,2,8,1,"[np.int64(1), np.int64(7)]"
03-01-05-02-02-02-01.wav,1,5,2,2,2,1,0,"[np.int64(0), np.int64(5)]"
03-01-04-01-02-02-01.wav,1,4,1,2,2,1,0,"[np.int64(0), np.int64(4)]"
03-01-07-01-02-02-01.wav,1,7,1,2,2,1,0,"[np.int64(0), np.int64(7)]"
03-01-02-02-01-02-01.wav,1,2,2,1,2,1,0,"[np.int64(0), np.int64(2)]"
03-01-08-02-02-01-01.wav,1,8,2,2,1,1,0,"[np.int64(0), np.int64(8)]"
03-01-03-01-01-02-01.wav,1,3,1,1,2,1,0,"[np.int64(0), np.int64(3)]"
03-01-04-02-02-02-01.wav,1,4,2,2,2,1,0,"[np.int64(0), np.int64(4)]"
03-01-08-01-01-02-01.wav,1,8,1,1,2,1,0,"[np.int64(0), np.int64(8)]"
03-01-08-02-01-02-01.wav,1,8,2,1,2,1,0,"[np.int64(0), np.int64(8)]"
03-01-01-01-02-02-01.wav,1,1,1,2,2,1,0,"[np.int64(0), np.int64(1)]"
03-01-05-01-01-02-01.wav,1,5,1,1,2,1,0,"[np.int64(0), np.int64(5)]"
03-01-02-02-02-01-01.wav,1,2,2,2,1,1,0,"[np.int64(0), np.int64(2)]"
03-01-02-02-02-02-01.wav,1,2,2,2,2,1,0,"[np.int64(0), np.int64(2)]"
03-01-07-02-02-01-01.wav,1,7,2,2,1,1,0,"[np.int64(0), np.int64(7)]"
03-01-02-01-01-01-01.wav,1,2,1,1,1,1,0,"[np.int64(0), np.int64(2)]"
03-01-08-01-02-02-01.wav,1,8,1,2,2,1,0,"[np.int64(0), np.int64(8)]"
03-01-07-01-01-02-01.wav,1,7,1,1,2,1,0,"[np.int64(0), np.int64(7)]"
03-01-01-01-01-01-01.wav,1,1,1,1,1,1,0,"[np.int64(0), np.int64(1)]"
03-01-06-02-01-02-01.wav,1,6,2,1,2,1,0,"[np.int64(0), np.int64(6)]"
03-01-06-01-01-01-01.wav,1,6,1,1,1,1,0,"[np.int64(0), np.int64(6)]"
03-01-04-02-01-02-01.wav,1,4,2,1,2,1,0,"[np.int64(0), np.int64(4)]"
03-01-07-01-02-01-01.wav,1,7,1,2,1,1,0,"[np.int64(0), np.int64(7)]"
03-01-04-02-02-01-01.wav,1,4,2,2,1,1,0,"[np.int64(0), np.int64(4)]"
03-01-05-01-01-01-01.wav,1,5,1,1,1,1,0,"[np.int64(0), np.int64(5)]"
03-01-03-01-02-01-01.wav,1,3,1,2,1,1,0,"[np.int64(0), np.int64(3)]"
03-01-02-01-02-01-01.wav,1,2,1,2,1,1,0,"[np.int64(0), np.int64(2)]"
03-01-02-01-01-02-01.wav,1,2,1,1,2,1,0,"[np.int64(0), np.int64(2)]"
03-01-08-01-01-01-01.wav,1,8,1,1,1,1,0,"[np.int64(0), np.int64(8)]"
03-01-01-01-02-01-01.wav,1,1,1,2,1,1,0,"[np.int64(0), np.int64(1)]"
03-01-07-02-02-02-01.wav,1,7,2,2,2,1,0,"[np.int64(0), np.int64(7)]"
03-01-05-02-01-01-01.wav,1,5,2,1,1,1,0,"[np.int64(0), np.int64(5)]"
03-01-04-01-02-01-01.wav,1,4,1,2,1,1,0,"[np.int64(0), np.int64(4)]"
03-01-06-02-02-01-01.wav,1,6,2,2,1,1,0,"[np.int64(0), np.int64(6)]"
03-01-06-01-02-02-01.wav,1,6,1,2,2,1,0,"[np.int64(0), np.int64(6)]"
03-01-02-01-02-02-01.wav,1,2,1,2,2,1,0,"[np.int64(0), np.int64(2)]"
03-01-03-02-01-01-01.wav,1,3,2,1,1,1,0,"[np.int64(0), np.int64(3)]"
03-01-04-02-01-01-01.wav,1,4,2,1,1,1,0,"[np.int64(0), np.int64(4)]"
03-01-03-01-02-02-01.wav,1,3,1,2,2,1,0,"[np.int64(0), np.int64(3)]"
03-01-08-01-02-01-01.wav,1,8,1,2,1,1,0,"[np.int64(0), np.int64(8)]"
03-01-04-01-01-02-01.wav,1,4,1,1,2,1,0,"[np.int64(0), np.int64(4)]"
03-01-06-02-02-02-01.wav,1,6,2,2,2,1,0,"[np.int64(0), np.int64(6)]"
03-01-08-02-02-02-01.wav,1,8,2,2,2,1,0,"[np.int64(0), np.int64(8)]"
03-01-05-01-02-02-01.wav,1,5,1,2,2,1,0,"[np.int64(0), np.int64(5)]"
03-01-05-01-02-01-01.wav,1,5,1,2,1,1,0,"[np.int64(0), np.int64(5)]"
03-01-01-01-01-02-01.wav,1,1,1,1,2,1,0,"[np.int64(0), np.int64(1)]"
03-01-06-01-01-02-01.wav,1,6,1,1,2,1,0,"[np.int64(0), np.int64(6)]"
03-01-04-01-01-01-01.wav,1,4,1,1,1,1,0,"[np.int64(0), np.int64(4)]"
03-01-03-02-01-02-01.wav,1,3,2,1,2,1,0,"[np.int64(0), np.int64(3)]"
03-01-07-02-01-02-01.wav,1,7,2,1,2,1,0,"[np.int64(0), np.int64(7)]"
03-01-07-02-01-01-01.wav,1,7,2,1,1,1,0,"[np.int64(0), np.int64(7)]"
03-01-02-02-01-01-01.wav,1,2,2,1,1,1,0,"[np.int64(0), np.int64(2)]"
03-01-06-01-02-01-01.wav,1,6,1,2,1,1,0,"[np.int64(0), np.int64(6)]"
03-01-05-02-01-02-01.wav,1,5,2,1,2,1,0,"[np.int64(0), np.int64(5)]"
03-01-06-02-01-01-01.wav,1,6,2,1,1,1,0,"[np.int64(0), np.int64(6)]"
03-01-03-02-02-02-01.wav,1,3,2,2,2,1,0,"[np.int64(0), np.int64(3)]"
03-01-03-01-01-01-01.wav,1,3,1,1,1,1,0,"[np.int64(0), np.int64(3)]"
03-01-03-02-02-01-01.wav,1,3,2,2,1,1,0,"[np.int64(0), np.int64(3)]"
03-01-07-01-01-01-01.wav,1,7,1,1,1,1,0,"[np.int64(0), np.int64(7)]"
03-01-08-02-01-01-01.wav,1,8,2,1,1,1,0,"[np.int64(0), np.int64(8)]"
03-01-05-02-02-01-01.wav,1,5,2,2,1,1,0,"[np.int64(0), np.int64(5)]"
03-01-02-01-01-02-21.wav,1,2,1,1,2,21,0,"[np.int64(0), np.int64(2)]"
03-01-05-02-02-01-21.wav,1,5,2,2,1,21,0,"[np.int64(0), np.int64(5)]"
03-01-03-02-01-01-21.wav,1,3,2,1,1,21,0,"[np.int64(0), np.int64(3)]"
03-01-03-02-01-02-21.wav,1,3,2,1,2,21,0,"[np.int64(0), np.int64(3)]"
03-01-06-01-01-02-21.wav,1,6,1,1,2,21,0,"[np.int64(0), np.int64(6)]"
03-01-02-02-01-02-21.wav,1,2,2,1,2,21,0,"[np.int64(0), np.int64(2)]"
03-01-04-01-02-02-21.wav,1,4,1,2,2,21,0,"[np.int64(0), np.int64(4)]"
03-01-02-02-02-01-21.wav,1,2,2,2,1,21,0,"[np.int64(0), np.int64(2)]"
03-01-05-02-02-02-21.wav,1,5,2,2,2,21,0,"[np.int64(0), np.int64(5)]"
03-01-03-01-02-02-21.wav,1,3,1,2,2,21,0,"[np.int64(0), np.int64(3)]"
03-01-07-02-01-02-21.wav,1,7,2,1,2,21,0,"[np.int64(0), np.int64(7)]"
03-01-02-02-02-02-21.wav,1,2,2,2,2,21,0,"[np.int64(0), np.int64(2)]"
03-01-05-01-02-02-21.wav,1,5,1,2,2,21,0,"[np.int64(0), np.int64(5)]"
03-01-05-01-02-01-21.wav,1,5,1,2,1,21,0,"[np.int64(0), np.int64(5)]"
03-01-08-02-02-01-21.wav,1,8,2,2,1,21,0,"[np.int64(0), np.int64(8)]"
03-01-06-02-02-02-21.wav,1,6,2,2,2,21,0,"[np.int64(0), np.int64(6)]"
03-01-07-01-02-02-21.wav,1,7,1,2,2,21,0,"[np.int64(0), np.int64(7)]"
03-01-06-02-02-01-21.wav,1,6,2,2,1,21,0,"[np.int64(0), np.int64(6)]"
03-01-08-02-02-02-21.wav,1,8,2,2,2,21,0,"[np.int64(0), np.int64(8)]"
03-01-06-02-01-01-21.wav,1,6,2,1,1,21,0,"[np.int64(0), np.int64(6)]"
03-01-07-02-01-01-21.wav,1,7,2,1,1,21,0,"[np.int64(0), np.int64(7)]"
03-01-01-01-02-01-21.wav,1,1,1,2,1,21,0,"[np.int64(0), np.int64(1)]"
03-01-08-02-01-01-21.wav,1,8,2,1,1,21,0,"[np.int64(0), np.int64(8)]"
03-01-01-01-01-01-21.wav,1,1,1,1,1,21,0,"[np.int64(0), np.int64(1)]"
03-01-03-01-02-01-21.wav,1,3,1,2,1,21,0,"[np.int64(0), np.int64(3)]"
03-01-04-01-01-02-21.wav,1,4,1,1,2,21,0,"[np.int64(0), np.int64(4)]"
03-01-07-02-02-01-21.wav,1,7,2,2,1,21,0,"[np.int64(0), np.int64(7)]"
03-01-05-02-01-01-21.wav,1,5,2,1,1,21,0,"[np.int64(0), np.int64(5)]"
03-01-04-01-02-01-21.wav,1,4,1,2,1,21,0,"[np.int64(0), np.int64(4)]"
03-01-06-01-01-01-21.wav,1,6,1,1,1,21,0,"[np.int64(0), np.int64(6)]"
03-01-05-02-01-02-21.wav,1,5,2,1,2,21,0,"[np.int64(0), np.int64(5)]"
03-01-03-01-01-01-21.wav,1,3,1,1,1,21,0,"[np.int64(0), np.int64(3)]"
03-01-01-01-02-02-21.wav,1,1,1,2,2,21,0,"[np.int64(0), np.int64(1)]"
03-01-04-01-01-01-21.wav,1,4,1,1,1,21,0,"[np.int64(0), np.int64(4)]"
03-01-06-01-02-02-21.wav,1,6,1,2,2,21,0,"[np.int64(0), np.int64(6)]"
03-01-08-01-01-01-21.wav,1,8,1,1,1,21,0,"[np.int64(0), np.int64(8)]"
03-01-08-02-01-02-21.wav,1,8,2,1,2,21,0,"[np.int64(0), np.int64(8)]"
03-01-06-02-01-02-21.wav,1,6,2,1,2,21,0,"[np.int64(0), np.int64(6)]"
03-01-03-02-02-01-21.wav,1,3,2,2,1,21,0,"[np.int64(0), np.int64(3)]"
03-01-02-01-01-01-21.wav,1,2,1,1,1,21,0,"[np.int64(0), np.int64(2)]"
03-01-02-01-02-01-21.wav,1,2,1,2,1,21,0,"[np.int64(0), np.int64(2)]"
03-01-07-02-02-02-21.wav,1,7,2,2,2,21,0,"[np.int64(0), np.int64(7)]"
03-01-07-01-01-02-21.wav,1,7,1,1,2,21,0,"[np.int64(0), np.int64(7)]"
03-01-05-01-01-02-21.wav,1,5,1,1,2,21,0,"[np.int64(0), np.int64(5)]"
03-01-02-01-02-02-21.wav,1,2,1,2,2,21,0,"[np.int64(0), np.int64(2)]"
03-01-05-01-01-01-21.wav,1,5,1,1,1,21,0,"[np.int64(0), np.int64(5)]"
03-01-03-01-01-02-21.wav,1,3,1,1,2,21,0,"[np.int64(0), np.int64(3)]"
03-01-06-01-02-01-21.wav,1,6,1,2,1,21,0,"[np.int64(0), np.int64(6)]"
03-01-07-01-01-01-21.wav,1,7,1,1,1,21,0,"[np.int64(0), np.int64(7)]"
03-01-08-01-02-02-21.wav,1,8,1,2,2,21,0,"[np.int64(0), np.int64(8)]"
03-01-04-02-02-01-21.wav,1,4,2,2,1,21,0,"[np.int64(0), np.int64(4)]"
03-01-04-02-02-02-21.wav,1,4,2,2,2,21,0,"[np.int64(0), np.int64(4)]"
03-01-07-01-02-01-21.wav,1,7,1,2,1,21,0,"[np.int64(0), np.int64(7)]"
03-01-04-02-01-02-21.wav,1,4,2,1,2,21,0,"[np.int64(0), np.int64(4)]"
03-01-03-02-02-02-21.wav,1,3,2,2,2,21,0,"[np.int64(0), np.int64(3)]"
03-01-08-01-01-02-21.wav,1,8,1,1,2,21,0,"[np.int64(0), np.int64(8)]"
03-01-04-02-01-01-21.wav,1,4,2,1,1,21,0,"[np.int64(0), np.int64(4)]"
03-01-02-02-01-01-21.wav,1,2,2,1,1,21,0,"[np.int64(0), np.int64(2)]"
03-01-08-01-02-01-21.wav,1,8,1,2,1,21,0,"[np.int64(0), np.int64(8)]"
03-01-01-01-01-02-21.wav,1,1,1,1,2,21,0,"[np.int64(0), np.int64(1)]"
03-01-03-01-02-02-05.wav,1,3,1,2,2,5,0,"[np.int64(0), np.int64(3)]"
03-01-03-02-02-01-05.wav,1,3,2,2,1,5,0,"[np.int64(0), np.int64(3)]"
03-01-08-01-02-01-05.wav,1,8,1,2,1,5,0,"[np.int64(0), np.int64(8)]"
03-01-02-02-02-02-05.wav,1,2,2,2,2,5,0,"[np.int64(0), np.int64(2)]"
03-01-08-01-01-01-05.wav,1,8,1,1,1,5,0,"[np.int64(0), np.int64(8)]"
03-01-03-02-01-02-05.wav,1,3,2,1,2,5,0,"[np.int64(0), np.int64(3)]"
03-01-02-01-02-01-05.wav,1,2,1,2,1,5,0,"[np.int64(0), np.int64(2)]"
03-01-08-02-01-02-05.wav,1,8,2,1,2,5,0,"[np.int64(0), np.int64(8)]"
03-01-04-02-02-02-05.wav,1,4,2,2,2,5,0,"[np.int64(0), np.int64(4)]"
03-01-02-01-01-02-05.wav,1,2,1,1,2,5,0,"[np.int64(0), np.int64(2)]"
03-01-07-02-02-01-05.wav,1,7,2,2,1,5,0,"[np.int64(0), np.int64(7)]"
03-01-06-01-02-02-05.wav,1,6,1,2,2,5,0,"[np.int64(0), np.int64(6)]"
03-01-04-01-01-02-05.wav,1,4,1,1,2,5,0,"[np.int64(0), np.int64(4)]"
03-01-06-01-01-01-05.wav,1,6,1,1,1,5,0,"[np.int64(0), np.int64(6)]"
03-01-02-02-02-01-05.wav,1,2,2,2,1,5,0,"[np.int64(0), np.int64(2)]"
03-01-01-01-02-01-05.wav,1,1,1,2,1,5,0,"[np.int64(0), np.int64(1)]"
03-01-05-02-01-01-05.wav,1,5,2,1,1,5,0,"[np.int64(0), np.int64(5)]"
03-01-06-01-01-02-05.wav,1,6,1,1,2,5,0,"[np.int64(0), np.int64(6)]"
03-01-02-01-01-01-05.wav,1,2,1,1,1,5,0,"[np.int64(0), np.int64(2)]"
03-01-07-02-02-02-05.wav,1,7,2,2,2,5,0,"[np.int64(0), np.int64(7)]"
03-01-04-02-01-02-05.wav,1,4,2,1,2,5,0,"[np.int64(0), np.int64(4)]"
03-01-01-01-01-01-05.wav,1,1,1,1,1,5,0,"[np.int64(0), np.int64(1)]"
03-01-03-02-01-01-05.wav,1,3,2,1,1,5,0,"[np.int64(0), np.int64(3)]"
03-01-05-01-02-01-05.wav,1,5,1,2,1,5,0,"[np.int64(0), np.int64(5)]"
03-01-08-01-02-02-05.wav,1,8,1,2,2,5,0,"[np.int64(0), np.int64(8)]"
03-01-08-02-02-02-05.wav,1,8,2,2,2,5,0,"[np.int64(0), np.int64(8)]"
03-01-05-01-01-01-05.wav,1,5,1,1,1,5,0,"[np.int64(0), np.int64(5)]"
03-01-03-01-02-01-05.wav,1,3,1,2,1,5,0,"[np.int64(0), np.int64(3)]"
03-01-04-01-01-01-05.wav,1,4,1,1,1,5,0,"[np.int64(0), np.int64(4)]"
03-01-07-01-02-01-05.wav,1,7,1,2,1,5,0,"[np.int64(0), np.int64(7)]"
03-01-06-01-02-01-05.wav,1,6,1,2,1,5,0,"[np.int64(0), np.int64(6)]"
03-01-03-01-01-01-05.wav,1,3,1,1,1,5,0,"[np.int64(0), np.int64(3)]"
03-01-04-01-02-02-05.wav,1,4,1,2,2,5,0,"[np.int64(0), np.int64(4)]"
03-01-07-01-01-02-05.wav,1,7,1,1,2,5,0,"[np.int64(0), np.int64(7)]"
03-01-05-02-01-02-05.wav,1,5,2,1,2,5,0,"[np.int64(0), np.int64(5)]"
03-01-06-02-02-01-05.wav,1,6,2,2,1,5,0,"[np.int64(0), np.int64(6)]"
03-01-07-02-01-02-05.wav,1,7,2,1,2,5,0,"[np.int64(0), np.int64(7)]"
03-01-03-02-02-02-05.wav,1,3,2,2,2,5,0,"[np.int64(0), np.int64(3)]"
03-01-07-01-02-02-05.wav,1,7,1,2,2,5,0,"[np.int64(0), np.int64(7)]"
03-01-01-01-01-02-05.wav,1,1,1,1,2,5,0,"[np.int64(0), np.int64(1)]"
03-01-02-01-02-02-05.wav,1,2,1,2,2,5,0,"[np.int64(0), np.int64(2)]"
03-01-02-02-01-02-05.wav,1,2,2,1,2,5,0,"[np.int64(0), np.int64(2)]"
03-01-06-02-01-01-05.wav,1,6,2,1,1,5,0,"[np.int64(0), np.int64(6)]"
03-01-04-02-02-01-05.wav,1,4,2,2,1,5,0,"[np.int64(0), np.int64(4)]"
03-01-05-02-02-01-05.wav,1,5,2,2,1,5,0,"[np.int64(0), np.int64(5)]"
03-01-06-02-01-02-05.wav,1,6,2,1,2,5,0,"[np.int64(0), np.int64(6)]"
03-01-08-01-01-02-05.wav,1,8,1,1,2,5,0,"[np.int64(0), np.int64(8)]"
03-01-01-01-02-02-05.wav,1,1,1,2,2,5,0,"[np.int64(0), np.int64(1)]"
03-01-04-02-01-01-05.wav,1,4,2,1,1,5,0,"[np.int64(0), np.int64(4)]"
03-01-04-01-02-01-05.wav,1,4,1,2,1,5,0,"[np.int64(0), np.int64(4)]"
03-01-07-02-01-01-05.wav,1,7,2,1,1,5,0,"[np.int64(0), np.int64(7)]"
03-01-08-02-01-01-05.wav,1,8,2,1,1,5,0,"[np.int64(0), np.int64(8)]"
03-01-02-02-01-01-05.wav,1,2,2,1,1,5,0,"[np.int64(0), np.int64(2)]"
03-01-05-01-02-02-05.wav,1,5,1,2,2,5,0,"[np.int64(0), np.int64(5)]"
03-01-03-01-01-02-05.wav,1,3,1,1,2,5,0,"[np.int64(0), np.int64(3)]"
03-01-07-01-01-01-05.wav,1,7,1,1,1,5,0,"[np.int64(0), np.int64(7)]"
03-01-05-02-02-02-05.wav,1,5,2,2,2,5,0,"[np.int64(0), np.int64(5)]"
03-01-08-02-02-01-05.wav,1,8,2,2,1,5,0,"[np.int64(0), np.int64(8)]"
03-01-05-01-01-02-05.wav,1,5,1,1,2,5,0,"[np.int64(0), np.int64(5)]"
03-01-06-02-02-02-05.wav,1,6,2,2,2,5,0,"[np.int64(0), np.int64(6)]"
03-01-04-02-01-01-11.wav,1,4,2,1,1,11,0,"[np.int64(0), np.int64(4)]"
03-01-02-01-02-01-11.wav,1,2,1,2,1,11,0,"[np.int64(0), np.int64(2)]"
03-01-06-02-02-01-11.wav,1,6,2,2,1,11,0,"[np.int64(0), np.int64(6)]"
03-01-03-01-01-02-11.wav,1,3,1,1,2,11,0,"[np.int64(0), np.int64(3)]"
03-01-07-01-02-01-11.wav,1,7,1,2,1,11,0,"[np.int64(0), np.int64(7)]"
03-01-08-02-02-01-11.wav,1,8,2,2,1,11,0,"[np.int64(0), np.int64(8)]"
03-01-07-02-01-01-11.wav,1,7,2,1,1,11,0,"[np.int64(0), np.int64(7)]"
03-01-05-02-02-01-11.wav,1,5,2,2,1,11,0,"[np.int64(0), np.int64(5)]"
03-01-06-02-01-02-11.wav,1,6,2,1,2,11,0,"[np.int64(0), np.int64(6)]"
03-01-06-01-01-01-11.wav,1,6,1,1,1,11,0,"[np.int64(0), np.int64(6)]"
03-01-04-01-01-01-11.wav,1,4,1,1,1,11,0,"[np.int64(0), np.int64(4)]"
03-01-01-01-01-01-11.wav,1,1,1,1,1,11,0,"[np.int64(0), np.int64(1)]"
03-01-07-02-02-01-11.wav,1,7,2,2,1,11,0,"[np.int64(0), np.int64(7)]"
03-01-07-01-02-02-11.wav,1,7,1,2,2,11,0,"[np.int64(0), np.int64(7)]"
03-01-04-01-01-02-11.wav,1,4,1,1,2,11,0,"[np.int64(0), np.int64(4)]"
03-01-06-02-01-01-11.wav,1,6,2,1,1,11,0,"[np.int64(0), np.int64(6)]"
03-01-02-02-01-01-11.wav,1,2,2,1,1,11,0,"[np.int64(0), np.int64(2)]"
03-01-03-01-02-01-11.wav,1,3,1,2,1,11,0,"[np.int64(0), np.int64(3)]"
03-01-05-02-01-01-11.wav,1,5,2,1,1,11,0,"[np.int64(0), np.int64(5)]"
03-01-01-01-02-01-11.wav,1,1,1,2,1,11,0,"[np.int64(0), np.int64(1)]"
03-01-06-01-02-01-11.wav,1,6,1,2,1,11,0,"[np.int64(0), np.int64(6)]"
03-01-01-01-01-02-11.wav,1,1,1,1,2,11,0,"[np.int64(0), np.int64(1)]"
03-01-08-01-01-01-11.wav,1,8,1,1,1,11,0,"[np.int64(0), np.int64(8)]"
03-01-03-02-02-01-11.wav,1,3,2,2,1,11,0,"[np.int64(0), np.int64(3)]"
03-01-06-01-02-02-11.wav,1,6,1,2,2,11,0,"[np.int64(0), np.int64(6)]"
03-01-06-02-02-02-11.wav,1,6,2,2,2,11,0,"[np.int64(0), np.int64(6)]"
03-01-04-02-02-01-11.wav,1,4,2,2,1,11,0,"[np.int64(0), np.int64(4)]"
03-01-08-02-01-01-11.wav,1,8,2,1,1,11,0,"[np.int64(0), np.int64(8)]"
03-01-08-02-02-02-11.wav,1,8,2,2,2,11,0,"[np.int64(0), np.int64(8)]"
03-01-05-01-01-02-11.wav,1,5,1,1,2,11,0,"[np.int64(0), np.int64(5)]"
03-01-02-02-02-01-11.wav,1,2,2,2,1,11,0,"[np.int64(0), np.int64(2)]"
03-01-02-01-02-02-11.wav,1,2,1,2,2,11,0,"[np.int64(0), np.int64(2)]"
03-01-05-02-01-02-11.wav,1,5,2,1,2,11,0,"[np.int64(0), np.int64(5)]"
03-01-08-01-02-01-11.wav,1,8,1,2,1,11,0,"[np.int64(0), np.int64(8)]"
03-01-01-01-02-02-11.wav,1,1,1,2,2,11,0,"[np.int64(0), np.int64(1)]"
03-01-07-02-02-02-11.wav,1,7,2,2,2,11,0,"[np.int64(0), np.int64(7)]"
03-01-02-01-01-02-11.wav,1,2,1,1,2,11,0,"[np.int64(0), np.int64(2)]"
03-01-03-01-01-01-11.wav,1,3,1,1,1,11,0,"[np.int64(0), np.int64(3)]"
03-01-05-01-02-01-11.wav,1,5,1,2,1,11,0,"[np.int64(0), np.int64(5)]"
03-01-07-01-01-02-11.wav,1,7,1,1,2,11,0,"[np.int64(0), np.int64(7)]"
03-01-02-02-01-02-11.wav,1,2,2,1,2,11,0,"[np.int64(0), np.int64(2)]"
03-01-04-02-01-02-11.wav,1,4,2,1,2,11,0,"[np.int64(0), np.int64(4)]"
03-01-04-01-02-01-11.wav,1,4,1,2,1,11,0,"[np.int64(0), np.int64(4)]"
03-01-08-02-01-02-11.wav,1,8,2,1,2,11,0,"[np.int64(0), np.int64(8)]"
03-01-08-01-02-02-11.wav,1,8,1,2,2,11,0,"[np.int64(0), np.int64(8)]"
03-01-03-02-02-02-11.wav,1,3,2,2,2,11,0,"[np.int64(0), np.int64(3)]"
03-01-07-01-01-01-11.wav,1,7,1,1,1,11,0,"[np.int64(0), np.int64(7)]"
03-01-04-02-02-02-11.wav,1,4,2,2,2,11,0,"[np.int64(0), np.int64(4)]"
03-01-07-02-01-02-11.wav,1,7,2,1,2,11,0,"[np.int64(0), np.int64(7)]"
03-01-03-02-01-02-11.wav,1,3,2,1,2,11,0,"[np.int64(0), np.int64(3)]"
03-01-04-01-02-02-11.wav,1,4,1,2,2,11,0,"[np.int64(0), np.int64(4)]"
03-01-03-02-01-01-11.wav,1,3,2,1,1,11,0,"[np.int64(0), np.int64(3)]"
03-01-05-01-01-01-11.wav,1,5,1,1,1,11,0,"[np.int64(0), np.int64(5)]"
03-01-08-01-01-02-11.wav,1,8,1,1,2,11,0,"[np.int64(0), np.int64(8)]"
03-01-02-01-01-01-11.wav,1,2,1,1,1,11,0,"[np.int64(0), np.int64(2)]"
03-01-03-01-02-02-11.wav,1,3,1,2,2,11,0,"[np.int64(0), np.int64(3)]"
03-01-05-01-02-02-11.wav,1,5,1,2,2,11,0,"[np.int64(0), np.int64(5)]"
03-01-02-02-02-02-11.wav,1,2,2,2,2,11,0,"[np.int64(0), np.int64(2)]"
03-01-05-02-02-02-11.wav,1,5,2,2,2,11,0,"[np.int64(0), np.int64(5)]"
03-01-06-01-01-02-11.wav,1,6,1,1,2,11,0,"[np.int64(0), np.int64(6)]"
03-01-04-02-01-02-14.wav,1,4,2,1,2,14,1,"[np.int64(1), np.int64(4)]"
03-01-05-02-01-01-14.wav,1,5,2,1,1,14,1,"[np.int64(1), np.int64(5)]"
03-01-07-02-01-01-14.wav,1,7,2,1,1,14,1,"[np.int64(1), np.int64(7)]"
03-01-02-02-01-02-14.wav,1,2,2,1,2,14,1,"[np.int64(1), np.int64(2)]"
03-01-06-02-02-02-14.wav,1,6,2,2,2,14,1,"[np.int64(1), np.int64(6)]"
03-01-03-01-01-01-14.wav,1,3,1,1,1,14,1,"[np.int64(1), np.int64(3)]"
03-01-03-02-02-02-14.wav,1,3,2,2,2,14,1,"[np.int64(1), np.int64(3)]"
03-01-02-01-01-02-14.wav,1,2,1,1,2,14,1,"[np.int64(1), np.int64(2)]"
03-01-05-01-02-01-14.wav,1,5,1,2,1,14,1,"[np.int64(1), np.int64(5)]"
03-01-03-01-02-01-14.wav,1,3,1,2,1,14,1,"[np.int64(1), np.int64(3)]"
03-01-08-02-02-02-14.wav,1,8,2,2,2,14,1,"[np.int64(1), np.int64(8)]"
03-01-07-01-01-01-14.wav,1,7,1,1,1,14,1,"[np.int64(1), np.int64(7)]"
03-01-06-01-02-01-14.wav,1,6,1,2,1,14,1,"[np.int64(1), np.int64(6)]"
03-01-02-02-02-02-14.wav,1,2,2,2,2,14,1,"[np.int64(1), np.int64(2)]"
03-01-07-02-02-02-14.wav,1,7,2,2,2,14,1,"[np.int64(1), np.int64(7)]"
03-01-03-02-02-01-14.wav,1,3,2,2,1,14,1,"[np.int64(1), np.int64(3)]"
03-01-02-01-02-01-14.wav,1,2,1,2,1,14,1,"[np.int64(1), np.int64(2)]"
03-01-02-02-01-01-14.wav,1,2,2,1,1,14,1,"[np.int64(1), np.int64(2)]"
03-01-05-02-02-01-14.wav,1,5,2,2,1,14,1,"[np.int64(1), np.int64(5)]"
03-01-04-02-01-01-14.wav,1,4,2,1,1,14,1,"[np.int64(1), np.int64(4)]"
03-01-07-02-02-01-14.wav,1,7,2,2,1,14,1,"[np.int64(1), np.int64(7)]"
03-01-07-01-02-02-14.wav,1,7,1,2,2,14,1,"[np.int64(1), np.int64(7)]"
03-01-06-01-01-02-14.wav,1,6,1,1,2,14,1,"[np.int64(1), np.int64(6)]"
03-01-07-01-02-01-14.wav,1,7,1,2,1,14,1,"[np.int64(1), np.int64(7)]"
03-01-04-01-01-02-14.wav,1,4,1,1,2,14,1,"[np.int64(1), np.int64(4)]"
03-01-06-02-01-02-14.wav,1,6,2,1,2,14,1,"[np.int64(1), np.int64(6)]"
03-01-01-01-02-02-14.wav,1,1,1,2,2,14,1,"[np.int64(1), np.int64(1)]"
03-01-03-01-01-02-14.wav,1,3,1,1,2,14,1,"[np.int64(1), np.int64(3)]"
03-01-07-01-01-02-14.wav,1,7,1,1,2,14,1,"[np.int64(1), np.int64(7)]"
03-01-08-02-02-01-14.wav,1,8,2,2,1,14,1,"[np.int64(1), np.int64(8)]"
03-01-04-02-02-01-14.wav,1,4,2,2,1,14,1,"[np.int64(1), np.int64(4)]"
03-01-08-02-01-01-14.wav,1,8,2,1,1,14,1,"[np.int64(1), np.int64(8)]"
03-01-04-01-02-02-14.wav,1,4,1,2,2,14,1,"[np.int64(1), np.int64(4)]"
03-01-06-02-01-01-14.wav,1,6,2,1,1,14,1,"[np.int64(1), np.int64(6)]"
03-01-08-02-01-02-14.wav,1,8,2,1,2,14,1,"[np.int64(1), np.int64(8)]"
03-01-01-01-02-01-14.wav,1,1,1,2,1,14,1,"[np.int64(1), np.int64(1)]"
03-01-03-02-01-01-14.wav,1,3,2,1,1,14,1,"[np.int64(1), np.int64(3)]"
03-01-01-01-01-01-14.wav,1,1,1,1,1,14,1,"[np.int64(1), np.int64(1)]"
03-01-06-01-02-02-14.wav,1,6,1,2,2,14,1,"[np.int64(1), np.int64(6)]"
03-01-08-01-01-01-14.wav,1,8,1,1,1,14,1,"[np.int64(1), np.int64(8)]"
03-01-03-02-01-02-14.wav,1,3,2,1,2,14,1,"[np.int64(1), np.int64(3)]"
03-01-08-01-01-02-14.wav,1,8,1,1,2,14,1,"[np.int64(1), np.int64(8)]"
03-01-04-02-02-02-14.wav,1,4,2,2,2,14,1,"[np.int64(1), np.int64(4)]"
03-01-03-01-02-02-14.wav,1,3,1,2,2,14,1,"[np.int64(1), np.int64(3)]"
03-01-04-01-01-01-14.wav,1,4,1,1,1,14,1,"[np.int64(1), np.int64(4)]"
03-01-01-01-01-02-14.wav,1,1,1,1,2,14,1,"[np.int64(1), np.int64(1)]"
03-01-08-01-02-01-14.wav,1,8,1,2,1,14,1,"[np.int64(1), np.int64(8)]"
03-01-02-01-01-01-14.wav,1,2,1,1,1,14,1,"[np.int64(1), np.int64(2)]"
03-01-07-02-01-02-14.wav,1,7,2,1,2,14,1,"[np.int64(1), np.int64(7)]"
03-01-02-01-02-02-14.wav,1,2,1,2,2,14,1,"[np.int64(1), np.int64(2)]"
03-01-05-01-02-02-14.wav,1,5,1,2,2,14,1,"[np.int64(1), np.int64(5)]"
03-01-06-01-01-01-14.wav,1,6,1,1,1,14,1,"[np.int64(1), np.int64(6)]"
03-01-02-02-02-01-14.wav,1,2,2,2,1,14,1,"[np.int64(1), np.int64(2)]"
03-01-05-01-01-01-14.wav,1,5,1,1,1,14,1,"[np.int64(1), np.int64(5)]"
03-01-05-01-01-02-14.wav,1,5,1,1,2,14,1,"[np.int64(1), np.int64(5)]"
03-01-08-01-02-02-14.wav,1,8,1,2,2,14,1,"[np.int64(1), np.int64(8)]"
03-01-04-01-02-01-14.wav,1,4,1,2,1,14,1,"[np.int64(1), np.int64(4)]"
03-01-05-02-02-02-14.wav,1,5,2,2,2,14,1,"[np.int64(1), np.int64(5)]"
03-01-05-02-01-02-14.wav,1,5,2,1,2,14,1,"[np.int64(1), np.int64(5)]"
03-01-06-02-02-01-14.wav,1,6,2,2,1,14,1,"[np.int64(1), np.int64(6)]"
03-01-01-01-01-01-19.wav,1,1,1,1,1,19,0,"[np.int64(0), np.int64(1)]"
03-01-01-01-02-01-19.wav,1,1,1,2,1,19,0,"[np.int64(0), np.int64(1)]"
03-01-04-01-01-01-19.wav,1,4,1,1,1,19,0,"[np.int64(0), np.int64(4)]"
03-01-06-02-02-02-19.wav,1,6,2,2,2,19,0,"[np.int64(0), np.int64(6)]"
03-01-04-01-02-02-19.wav,1,4,1,2,2,19,0,"[np.int64(0), np.int64(4)]"
03-01-02-01-01-01-19.wav,1,2,1,1,1,19,0,"[np.int64(0), np.int64(2)]"
03-01-03-02-02-02-19.wav,1,3,2,2,2,19,0,"[np.int64(0), np.int64(3)]"
03-01-05-02-01-02-19.wav,1,5,2,1,2,19,0,"[np.int64(0), np.int64(5)]"
03-01-03-02-01-02-19.wav,1,3,2,1,2,19,0,"[np.int64(0), np.int64(3)]"
03-01-05-02-02-02-19.wav,1,5,2,2,2,19,0,"[np.int64(0), np.int64(5)]"
03-01-01-01-02-02-19.wav,1,1,1,2,2,19,0,"[np.int64(0), np.int64(1)]"
03-01-07-02-02-01-19.wav,1,7,2,2,1,19,0,"[np.int64(0), np.int64(7)]"
03-01-08-01-02-01-19.wav,1,8,1,2,1,19,0,"[np.int64(0), np.int64(8)]"
03-01-07-02-02-02-19.wav,1,7,2,2,2,19,0,"[np.int64(0), np.int64(7)]"
03-01-03-01-02-01-19.wav,1,3,1,2,1,19,0,"[np.int64(0), np.int64(3)]"
03-01-02-02-02-01-19.wav,1,2,2,2,1,19,0,"[np.int64(0), np.int64(2)]"
03-01-08-02-02-01-19.wav,1,8,2,2,1,19,0,"[np.int64(0), np.int64(8)]"
03-01-05-01-01-01-19.wav,1,5,1,1,1,19,0,"[np.int64(0), np.int64(5)]"
03-01-02-02-02-02-19.wav,1,2,2,2,2,19,0,"[np.int64(0), np.int64(2)]"
03-01-08-02-02-02-19.wav,1,8,2,2,2,19,0,"[np.int64(0), np.int64(8)]"
03-01-02-01-02-01-19.wav,1,2,1,2,1,19,0,"[np.int64(0), np.int64(2)]"
03-01-03-01-01-01-19.wav,1,3,1,1,1,19,0,"[np.int64(0), np.int64(3)]"
03-01-06-01-02-02-19.wav,1,6,1,2,2,19,0,"[np.int64(0), np.int64(6)]"
03-01-02-01-01-02-19.wav,1,2,1,1,2,19,0,"[np.int64(0), np.int64(2)]"
03-01-08-02-01-02-19.wav,1,8,2,1,2,19,0,"[np.int64(0), np.int64(8)]"
03-01-05-01-02-01-19.wav,1,5,1,2,1,19,0,"[np.int64(0), np.int64(5)]"
03-01-06-02-01-02-19.wav,1,6,2,1,2,19,0,"[np.int64(0), np.int64(6)]"
03-01-08-02-01-01-19.wav,1,8,2,1,1,19,0,"[np.int64(0), np.int64(8)]"
03-01-08-01-01-02-19.wav,1,8,1,1,2,19,0,"[np.int64(0), np.int64(8)]"
03-01-04-01-01-02-19.wav,1,4,1,1,2,19,0,"[np.int64(0), np.int64(4)]"
03-01-02-02-01-01-19.wav,1,2,2,1,1,19,0,"[np.int64(0), np.int64(2)]"
03-01-05-02-02-01-19.wav,1,5,2,2,1,19,0,"[np.int64(0), np.int64(5)]"
03-01-07-01-01-02-19.wav,1,7,1,1,2,19,0,"[np.int64(0), np.int64(7)]"
03-01-02-02-01-02-19.wav,1,2,2,1,2,19,0,"[np.int64(0), np.int64(2)]"
03-01-06-01-01-01-19.wav,1,6,1,1,1,19,0,"[np.int64(0), np.int64(6)]"
03-01-07-01-01-01-19.wav,1,7,1,1,1,19,0,"[np.int64(0), np.int64(7)]"
03-01-03-02-02-01-19.wav,1,3,2,2,1,19,0,"[np.int64(0), np.int64(3)]"
03-01-06-02-01-01-19.wav,1,6,2,1,1,19,0,"[np.int64(0), np.int64(6)]"
03-01-03-02-01-01-19.wav,1,3,2,1,1,19,0,"[np.int64(0), np.int64(3)]"
03-01-05-01-02-02-19.wav,1,5,1,2,2,19,0,"[np.int64(0), np.int64(5)]"
03-01-02-01-02-02-19.wav,1,2,1,2,2,19,0,"[np.int64(0), np.int64(2)]"
03-01-08-01-01-01-19.wav,1,8,1,1,1,19,0,"[np.int64(0), np.int64(8)]"
03-01-07-02-01-02-19.wav,1,7,2,1,2,19,0,"[np.int64(0), np.int64(7)]"
03-01-07-02-01-01-19.wav,1,7,2,1,1,19,0,"[np.int64(0), np.int64(7)]"
03-01-05-02-01-01-19.wav,1,5,2,1,1,19,0,"[np.int64(0), np.int64(5)]"
03-01-03-01-01-02-19.wav,1,3,1,1,2,19,0,"[np.int64(0), np.int64(3)]"
03-01-08-01-02-02-19.wav,1,8,1,2,2,19,0,"[np.int64(0), np.int64(8)]"
03-01-01-01-01-02-19.wav,1,1,1,1,2,19,0,"[np.int64(0), np.int64(1)]"
03-01-06-01-02-01-19.wav,1,6,1,2,1,19,0,"[np.int64(0), np.int64(6)]"
03-01-05-01-01-02-19.wav,1,5,1,1,2,19,0,"[np.int64(0), np.int64(5)]"
03-01-07-01-02-02-19.wav,1,7,1,2,2,19,0,"[np.int64(0), np.int64(7)]"
03-01-04-02-02-01-19.wav,1,4,2,2,1,19,0,"[np.int64(0), np.int64(4)]"
03-01-04-02-01-02-19.wav,1,4,2,1,2,19,0,"[np.int64(0), np.int64(4)]"
03-01-06-02-02-01-19.wav,1,6,2,2,1,19,0,"[np.int64(0), np.int64(6)]"
03-01-04-01-02-01-19.wav,1,4,1,2,1,19,0,"[np.int64(0), np.int64(4)]"
03-01-07-01-02-01-19.wav,1,7,1,2,1,19,0,"[np.int64(0), np.int64(7)]"
03-01-04-02-02-02-19.wav,1,4,2,2,2,19,0,"[np.int64(0), np.int64(4)]"
03-01-04-02-01-01-19.wav,1,4,2,1,1,19,0,"[np.int64(0), np.int64(4)]"
03-01-03-01-02-02-19.wav,1,3,1,2,2,19,0,"[np.int64(0), np.int64(3)]"
03-01-06-01-01-02-19.wav,1,6,1,1,2,19,0,"[np.int64(0), np.int64(6)]"
03-01-06-01-01-01-07.wav,1,6,1,1,1,7,0,"[np.int64(0), np.int64(6)]"
03-01-02-02-02-01-07.wav,1,2,2,2,1,7,0,"[np.int64(0), np.int64(2)]"
03-01-07-02-02-02-07.wav,1,7,2,2,2,7,0,"[np.int64(0), np.int64(7)]"
03-01-02-02-02-02-07.wav,1,2,2,2,2,7,0,"[np.int64(0), np.int64(2)]"
03-01-03-01-02-02-07.wav,1,3,1,2,2,7,0,"[np.int64(0), np.int64(3)]"
03-01-08-01-01-01-07.wav,1,8,1,1,1,7,0,"[np.int64(0), np.int64(8)]"
03-01-03-02-01-02-07.wav,1,3,2,1,2,7,0,"[np.int64(0), np.int64(3)]"
03-01-07-01-02-01-07.wav,1,7,1,2,1,7,0,"[np.int64(0), np.int64(7)]"
03-01-05-01-02-01-07.wav,1,5,1,2,1,7,0,"[np.int64(0), np.int64(5)]"
03-01-06-01-02-02-07.wav,1,6,1,2,2,7,0,"[np.int64(0), np.int64(6)]"
03-01-08-01-02-02-07.wav,1,8,1,2,2,7,0,"[np.int64(0), np.int64(8)]"
03-01-04-02-01-01-07.wav,1,4,2,1,1,7,0,"[np.int64(0), np.int64(4)]"
03-01-01-01-01-01-07.wav,1,1,1,1,1,7,0,"[np.int64(0), np.int64(1)]"
03-01-08-01-02-01-07.wav,1,8,1,2,1,7,0,"[np.int64(0), np.int64(8)]"
03-01-05-01-02-02-07.wav,1,5,1,2,2,7,0,"[np.int64(0), np.int64(5)]"
03-01-04-01-01-01-07.wav,1,4,1,1,1,7,0,"[np.int64(0), np.int64(4)]"
03-01-01-01-02-02-07.wav,1,1,1,2,2,7,0,"[np.int64(0), np.int64(1)]"
03-01-04-02-01-02-07.wav,1,4,2,1,2,7,0,"[np.int64(0), np.int64(4)]"
03-01-05-02-01-02-07.wav,1,5,2,1,2,7,0,"[np.int64(0), np.int64(5)]"
03-01-06-01-02-01-07.wav,1,6,1,2,1,7,0,"[np.int64(0), np.int64(6)]"
03-01-03-02-02-01-07.wav,1,3,2,2,1,7,0,"[np.int64(0), np.int64(3)]"
03-01-02-01-01-01-07.wav,1,2,1,1,1,7,0,"[np.int64(0), np.int64(2)]"
03-01-07-02-01-02-07.wav,1,7,2,1,2,7,0,"[np.int64(0), np.int64(7)]"
03-01-04-01-02-01-07.wav,1,4,1,2,1,7,0,"[np.int64(0), np.int64(4)]"
03-01-02-02-01-01-07.wav,1,2,2,1,1,7,0,"[np.int64(0), np.int64(2)]"
03-01-04-02-02-01-07.wav,1,4,2,2,1,7,0,"[np.int64(0), np.int64(4)]"
03-01-06-01-01-02-07.wav,1,6,1,1,2,7,0,"[np.int64(0), np.int64(6)]"
03-01-07-02-02-01-07.wav,1,7,2,2,1,7,0,"[np.int64(0), np.int64(7)]"
03-01-08-02-01-02-07.wav,1,8,2,1,2,7,0,"[np.int64(0), np.int64(8)]"
03-01-06-02-02-01-07.wav,1,6,2,2,1,7,0,"[np.int64(0), np.int64(6)]"
03-01-07-02-01-01-07.wav,1,7,2,1,1,7,0,"[np.int64(0), np.int64(7)]"
03-01-04-02-02-02-07.wav,1,4,2,2,2,7,0,"[np.int64(0), np.int64(4)]"
03-01-06-02-01-01-07.wav,1,6,2,1,1,7,0,"[np.int64(0), np.int64(6)]"
03-01-08-02-01-01-07.wav,1,8,2,1,1,7,0,"[np.int64(0), np.int64(8)]"
03-01-03-02-01-01-07.wav,1,3,2,1,1,7,0,"[np.int64(0), np.int64(3)]"
03-01-04-01-01-02-07.wav,1,4,1,1,2,7,0,"[np.int64(0), np.int64(4)]"
03-01-03-01-01-01-07.wav,1,3,1,1,1,7,0,"[np.int64(0), np.int64(3)]"
03-01-03-02-02-02-07.wav,1,3,2,2,2,7,0,"[np.int64(0), np.int64(3)]"
03-01-03-01-01-02-07.wav,1,3,1,1,2,7,0,"[np.int64(0), np.int64(3)]"
03-01-02-01-02-01-07.wav,1,2,1,2,1,7,0,"[np.int64(0), np.int64(2)]"
03-01-06-02-01-02-07.wav,1,6,2,1,2,7,0,"[np.int64(0), np.int64(6)]"
03-01-01-01-01-02-07.wav,1,1,1,1,2,7,0,"[np.int64(0), np.int64(1)]"
03-01-07-01-01-01-07.wav,1,7,1,1,1,7,0,"[np.int64(0), np.int64(7)]"
03-01-08-02-02-01-07.wav,1,8,2,2,1,7,0,"[np.int64(0), np.int64(8)]"
03-01-05-01-01-02-07.wav,1,5,1,1,2,7,0,"[np.int64(0), np.int64(5)]"
03-01-05-02-02-02-07.wav,1,5,2,2,2,7,0,"[np.int64(0), np.int64(5)]"
03-01-02-01-01-02-07.wav,1,2,1,1,2,7,0,"[np.int64(0), np.int64(2)]"
03-01-02-02-01-02-07.wav,1,2,2,1,2,7,0,"[np.int64(0), np.int64(2)]"
03-01-05-02-02-01-07.wav,1,5,2,2,1,7,0,"[np.int64(0), np.int64(5)]"
03-01-02-01-02-02-07.wav,1,2,1,2,2,7,0,"[np.int64(0), np.int64(2)]"
03-01-03-01-02-01-07.wav,1,3,1,2,1,7,0,"[np.int64(0), np.int64(3)]"
03-01-08-01-01-02-07.wav,1,8,1,1,2,7,0,"[np.int64(0), np.int64(8)]"
03-01-04-01-02-02-07.wav,1,4,1,2,2,7,0,"[np.int64(0), np.int64(4)]"
03-01-05-02-01-01-07.wav,1,5,2,1,1,7,0,"[np.int64(0), np.int64(5)]"
03-01-01-01-02-01-07.wav,1,1,1,2,1,7,0,"[np.int64(0), np.int64(1)]"
03-01-07-01-02-02-07.wav,1,7,1,2,2,7,0,"[np.int64(0), np.int64(7)]"
03-01-05-01-01-01-07.wav,1,5,1,1,1,7,0,"[np.int64(0), np.int64(5)]"
03-01-08-02-02-02-07.wav,1,8,2,2,2,7,0,"[np.int64(0), np.int64(8)]"
03-01-06-02-02-02-07.wav,1,6,2,2,2,7,0,"[np.int64(0), np.int64(6)]"
03-01-07-01-01-02-07.wav,1,7,1,1,2,7,0,"[np.int64(0), np.int64(7)]"
